event_id,season_year,game_number,date,opponent,attendance,predicted,predicted_raw,error,abs_error,pct_error,time,exact_time,season_stage,opponent_grp,acc,rivalry,opp_distance_miles,opening_day,series,game_in_series,time_bucket,day_of_week,weekend,month,doubleheader,dh_game_number,days_since_last_hg,early_season,playoff,mbb_home,mbb_away,mbb_any,mbb_tourney,lag_series_attendance,prev_attendance,record_pct,prev_szn_record_pct,win_last,wins_last3,wins_last5,momentum_index,excitement_index,wx_d2_weather_condition,wx_d2_temperature,wx_d2_humidity,wx_d2_wind_speed,wx_d2_precipitation,wx_d2_comfort_index,wx_d2_temp_avg_prev24h,wx_d2_had_rain_prev24h,wx_d2_cloud_cover,school_hours,school_night,prev_season_attendance,prev_3yr_attendance,attendance_yoy_change,att_avg_last3,att_avg_last5,att_avg_season_to_date,gt_web,gt_youtube,gt_total,runs_pg,hr_pg,errors_pg,idp_pg,run_diff_pg,opp_runs_pg,opp_hr_pg,opp_errors_pg,opp_run_diff_pg,opp_win_pct,opp_wins_last3,opp_wins_last5,strength_diff,win_pct_diff,has_opponent_features,acad_sesh_active,acad_semester,acad_break,acad_exams,acad_break_type,promo_count,promo_giveaway,promo_fireworks,promo_kids,promo_bark,promo_discount,promo_theme,promo_trivia,promo_other
20240216_1600_wagner,2024.0,1,2024-02-16,Wagner,2837.0,2223,2223.0,613.6690292420458,613.6690292420458,21.63091396693852,16:00,2024-02-16 16:00:00,regular,Other,0,0,421.7875492251025,1,1,1,afternoon,Friday,1,2.0,0,0,30.0,1,0,0,0,0,0,,2829.542857142857,,0.6101694915254238,,0,0,,,cloudy,57.56,39.0,8.4506456,0.0,45.9066030946651,45.305,0.0,46.0,1,0,2829.542857142857,2611.56722577857,367.1282229965154,3413.0,3236.0,1521.9072532699167,9.0,11.0,20.0,,,,,,,,,,,,,,,0.0,1.0,Spring,0.0,0.0,,0.0,0.0,0.0,0.0,0.0,0.0,0.0,0.0,0.0
20240217_1200_wagner,2024.0,2,2024-02-17,Wagner,2193.0,2311,2311.0,-118.0647416956449,118.0647416956449,5.383709151648194,12:00,2024-02-17 12:00:00,regular,Other,0,0,421.7875492251025,0,1,2,day,Saturday,1,2.0,0,0,1.0,1,0,1,0,1,0,2837.0,2837.0,1.0,0.6101694915254238,1.0,1,1,0.508,-0.231949218995386,cloudy,51.98,61.0,4.4738712000000005,0.0,44.68478896640081,46.3475,0.0,58.0,0,0,2829.542857142857,2611.56722577857,367.1282229965154,3210.5,3154.5,1522.704275534442,9.0,11.0,20.0,10.0,1.0,1.0,1.0,7.0,3.0,2.0,3.0,-7.0,0.0,0.0,0.0,16.0,1.0,1.0,1.0,Spring,0.0,0.0,,0.0,0.0,0.0,0.0,0.0,0.0,0.0,0.0,0.0
20240218_1300_wagner,2024.0,3,2024-02-18,Wagner,2709.0,2263,2263.0,445.81703105946326,445.81703105946326,16.45688560573877,13:00,2024-02-18 13:00:00,regular,Other,0,0,421.7875492251025,0,1,3,day,Sunday,1,2.0,0,0,1.0,1,0,0,0,0,0,2193.0,2193.0,1.0,0.6101694915254238,1.0,2,2,0.6859999999999999,-0.3132227642339267,cloudy,57.02,32.0,5.3437906,0.0,48.00227788888628,53.127500000000005,0.0,100.0,0,0,2829.542857142857,2611.56722577857,367.1282229965154,2515.0,2964.0,1524.111506524318,9.0,11.0,20.0,13.0,2.0,1.0,1.0,9.0,4.0,1.0,3.0,-9.0,0.0,0.0,0.0,20.0,1.0,1.0,1.0,Spring,0.0,0.0,,0.0,0.0,0.0,0.0,0.0,0.0,0.0,0.0,0.0
20240220_1600_elon,2024.0,4,2024-02-20,Elon,2018.0,2377,2377.0,-359.01231890407144,359.01231890407144,17.79050143231276,16:00,2024-02-20 16:00:00,regular,Elon,0,0,28.02167355511645,0,0,0,afternoon,Tuesday,0,2.0,0,0,2.0,1,0,0,0,0,0,,2709.0,1.0,0.6101694915254238,1.0,3,3,0.8640000000000001,-0.2336783463763701,cloudy,47.3,34.0,5.4059277,0.0,41.74545602959832,36.545,0.0,100.0,1,0,2829.542857142857,2611.56722577857,367.1282229965154,2579.6666666666665,2830.75,1524.696682464455,9.0,11.0,20.0,15.333333333333334,2.0,2.333333333333333,1.0,10.666666666666666,10.0,1.3333333333333333,1.0,-0.6666666666666666,0.3333333333333333,1.0,1.0,12.666666666666666,0.6666666666666667,1.0,1.0,Spring,0.0,0.0,,1.0,0.0,0.0,0.0,0.0,0.0,0.0,1.0,0.0
20240223_1700_east_carolina,2024.0,5,2024-02-23,East Carolina,3845.0,3410,3410.0,434.6196050267217,434.6196050267217,11.303500780929044,17:00,2024-02-23 17:00:00,regular,East Carolina,0,1,96.57704437500246,0,0,0,afternoon,Friday,1,2.0,0,0,3.0,1,0,0,0,0,0,,2018.0,1.0,0.6101694915254238,1.0,3,4,0.9320000000000002,-0.0785947652977016,clear,54.32,44.0,2.0505243,0.0,49.640351320132815,40.145,0.0,0.0,1,0,2829.542857142857,2611.56722577857,367.1282229965154,2306.6666666666665,2439.25,1527.442603550296,9.0,11.0,20.0,13.5,1.75,1.75,1.0,8.25,9.0,1.5,0.75,6.75,0.75,2.0,3.0,2.0,0.25,1.0,1.0,Spring,0.0,0.0,,0.0,0.0,0.0,0.0,0.0,0.0,0.0,0.0,0.0
20240227_1600_virginia_commonwealth,2024.0,8,2024-02-27,Virginia Commonwealth,1822.0,2260,2260.0,-438.4617994372156,438.4617994372156,24.064862757256623,16:00,2024-02-27 16:00:00,regular,Virginia Commonwealth,0,0,142.91275148812667,0,0,0,afternoon,Tuesday,0,2.0,0,0,4.0,1,0,0,0,0,0,,3845.0,0.7142857142857143,0.6101694915254238,0.0,1,3,0.314,0.0319660648867696,clear,51.620000000000005,44.0,3.2311292000000003,0.0,46.28791727936552,40.7675,1.0,0.0,1,0,2829.542857142857,2611.56722577857,367.1282229965154,2857.333333333333,2720.4,1527.790780141844,9.0,11.0,20.0,9.857142857142858,1.7142857142857142,1.5714285714285714,1.2857142857142858,4.285714285714286,8.571428571428571,1.1428571428571428,1.4285714285714286,1.8571428571428568,0.5714285714285714,2.0,3.0,2.7142857142857144,0.1428571428571429,1.0,1.0,Spring,0.0,0.0,,1.0,0.0,0.0,0.0,0.0,0.0,0.0,1.0,0.0
20240228_1400_longwood,2024.0,9,2024-02-28,Longwood,1793.0,2197,2197.0,-404.03008848932313,404.03008848932313,22.533747266554556,14:00,2024-02-28 14:00:00,regular,Other,0,0,102.1495764877588,0,0,0,afternoon,Wednesday,0,2.0,0,0,1.0,1,0,0,0,0,0,,1822.0,0.75,0.6101694915254238,1.0,1,3,0.644,-0.2940458603012373,cloudy,65.3,39.0,8.077823,0.0,51.31308591851524,45.88999999999999,0.0,73.0,1,0,2829.542857142857,2611.56722577857,367.1282229965154,2561.6666666666665,2517.4,1528.1038961038962,9.0,11.0,20.0,9.625,1.5,1.375,1.125,4.5,14.0,0.7142857142857143,1.0,6.428571428571429,0.8571428571428571,3.0,4.0,-2.1428571428571423,-0.1071428571428571,1.0,1.0,Spring,0.0,0.0,,0.0,0.0,0.0,0.0,0.0,0.0,0.0,0.0,0.0
20240301_1100_princeton,2024.0,10,2024-03-01,Princeton,1809.0,2143,2143.0,-333.81481330030783,333.81481330030783,18.453002393604635,11:00,2024-03-01 11:00:00,regular,Princeton,0,0,388.6539550948898,0,1,1,day,Friday,1,3.0,0,0,2.0,1,0,0,0,0,0,,1793.0,0.7777777777777778,0.6101694915254238,1.0,2,3,0.754,-0.2039276309812304,cloudy,62.6,60.0,13.7944362,0.0,46.51059969358113,59.945,1.0,100.0,0,0,2829.542857142857,2611.56722577857,367.1282229965154,2486.6666666666665,2437.4,1528.435141509434,9.0,11.0,20.0,9.88888888888889,1.5555555555555556,1.4444444444444444,1.1111111111111112,5.0,2.0,0.3333333333333333,2.0,-4.666666666666667,0.3333333333333333,1.0,1.0,10.555555555555555,0.4444444444444445,1.0,1.0,Spring,0.0,0.0,,0.0,0.0,0.0,0.0,0.0,0.0,0.0,0.0,0.0
20240302_1200_princeton,2024.0,11,2024-03-02,Princeton,2496.0,2329,2329.0,166.69842970151012,166.69842970151012,6.678622984836142,12:00,2024-03-02 12:00:00,regular,Princeton,0,0,388.6539550948898,0,1,2,day,Saturday,1,3.0,0,0,1.0,1,0,1,0,1,0,1809.0,1809.0,0.8,0.6101694915254238,1.0,3,3,0.8640000000000001,-0.3944963094724675,cloudy,45.32,35.0,4.411734099999999,0.0,41.326435939536495,50.4575,1.0,100.0,0,0,2829.542857142857,2611.56722577857,367.1282229965154,1808.0,2257.4,1529.5747938751472,45.0,45.0,90.0,10.1,1.5,1.3,1.0,5.5,2.0,0.25,2.0,-6.0,0.25,1.0,1.0,12.6,0.55,1.0,1.0,Spring,0.0,0.0,,0.0,0.0,0.0,0.0,0.0,0.0,0.0,0.0,0.0
20240303_1200_princeton,2024.0,12,2024-03-03,Princeton,2756.0,2337,2337.0,418.8111718711612,418.8111718711612,15.196341504759111,12:00,2024-03-03 12:00:00,regular,Princeton,0,0,388.6539550948898,0,1,3,day,Sunday,1,3.0,0,0,1.0,1,0,0,0,0,0,2496.0,2496.0,0.8181818181818182,0.6101694915254238,1.0,3,4,0.9320000000000002,-0.4255446301253933,cloudy,48.2,46.0,6.337984199999999,0.0,40.890619569490354,42.92,0.0,100.0,0,0,2829.542857142857,2611.56722577857,367.1282229965154,2032.6666666666667,2353.0,1531.0176470588235,45.0,45.0,90.0,10.181818181818182,1.5454545454545454,1.181818181818182,1.0909090909090908,5.818181818181818,2.0,0.4,1.8,-6.6,0.2,0.0,1.0,13.654545454545454,0.6181818181818182,1.0,1.0,Spring,0.0,0.0,,0.0,0.0,0.0,0.0,0.0,0.0,0.0,0.0,0.0
20240308_1600_pittsburgh,2024.0,14,2024-03-08,Pittsburgh,2323.0,2004,2004.0,319.39947478352724,319.39947478352724,13.749439293307242,16:00,2024-03-08 16:00:00,regular,Pittsburgh,1,0,317.2747390558306,0,1,1,afternoon,Friday,1,3.0,0,0,5.0,1,0,0,0,0,0,,2756.0,0.8461538461538461,0.6101694915254238,1.0,3,5,1.0,0.2879346561480579,rainy,56.120000000000005,100.0,8.2642343,4.7,44.4498671815613,57.155,1.0,100.0,1,0,2829.542857142857,2611.56722577857,367.1282229965154,2353.6666666666665,2135.2,1531.948296122209,45.0,45.0,90.0,10.153846153846152,1.3846153846153846,1.3076923076923077,0.9230769230769232,5.769230769230769,10.444444444444445,1.6666666666666667,0.5555555555555556,4.888888888888889,0.8888888888888888,3.0,4.0,0.7948717948717947,-0.0427350427350426,1.0,1.0,Spring,0.0,0.0,,0.0,0.0,0.0,0.0,0.0,0.0,0.0,0.0,0.0
20240309_1500_pittsburgh,2024.0,15,2024-03-09,Pittsburgh,2027.0,2647,2647.0,-620.194592584191,620.194592584191,30.596674523147065,15:00,2024-03-09 15:00:00,regular,Pittsburgh,1,0,317.2747390558306,0,1,2,afternoon,Saturday,1,3.0,0,0,1.0,1,0,0,1,1,0,2323.0,2323.0,0.8571428571428571,0.6101694915254238,1.0,3,5,1.0,-0.4565929507783189,cloudy,67.64,54.0,4.7224196,0.0,56.37928879866226,57.087500000000006,1.0,99.0,0,0,2829.542857142857,2611.56722577857,367.1282229965154,2525.0,2235.4,1532.529342723005,45.0,45.0,90.0,9.571428571428571,1.3571428571428572,1.2142857142857142,0.9285714285714286,5.428571428571429,9.5,1.5,0.5,4.3,0.8,2.0,4.0,1.2428571428571429,0.057142857142857,1.0,1.0,Spring,0.0,0.0,,1.0,1.0,0.0,0.0,0.0,0.0,0.0,0.0,0.0
20240310_1300_pittsburgh,2024.0,16,2024-03-10,Pittsburgh,2281.0,2389,2389.0,-108.49580156507818,108.49580156507818,4.756501603028417,13:00,2024-03-10 13:00:00,regular,Pittsburgh,1,0,317.2747390558306,0,1,3,day,Sunday,1,3.0,0,0,1.0,1,0,0,0,0,0,2027.0,2027.0,0.8666666666666667,0.6101694915254238,1.0,3,5,1.0,-0.4565929507783189,cloudy,59.36,63.0,4.5981454,0.0,50.37829887440932,57.395,1.0,100.0,0,0,2829.542857142857,2611.56722577857,367.1282229965154,2368.6666666666665,2282.2,1533.4067995310668,45.0,45.0,90.0,9.4,1.3333333333333333,1.2,0.9333333333333332,5.266666666666667,9.0,1.3636363636363635,0.6363636363636364,3.636363636363636,0.7272727272727273,1.0,3.0,1.9090909090909087,0.1393939393939394,1.0,1.0,Spring,0.0,0.0,,1.0,0.0,0.0,0.0,0.0,0.0,1.0,0.0,0.0
20240312_1800_rutgers,2024.0,17,2024-03-12,Rutgers,2006.0,2025,2025.0,-19.027367208758733,19.027367208758733,0.9485227920617514,18:00,2024-03-12 18:00:00,regular,Other,0,0,403.88774773318784,0,1,1,night,Tuesday,0,3.0,0,0,2.0,1,0,0,0,0,0,,2281.0,0.875,0.6101694915254238,1.0,3,5,1.0,-0.2704610490467247,clear,52.52,28.0,14.7886298,0.0,39.0788020254074,52.8425,0.0,0.0,0,1,2829.542857142857,2611.56722577857,367.1282229965154,2210.333333333333,2376.6,1533.96018735363,45.0,45.0,90.0,9.1875,1.25,1.125,0.9375,5.0,7.5,0.7142857142857143,1.2857142857142858,1.6428571428571428,0.7142857142857143,1.0,3.0,3.678571428571429,0.1607142857142857,1.0,1.0,Spring,1.0,0.0,SPRING BREAK,1.0,0.0,0.0,0.0,0.0,0.0,0.0,1.0,0.0
20240313_1600_rutgers,2024.0,18,2024-03-13,Rutgers,2205.0,1859,1859.0,345.6243053599688,345.6243053599688,15.674571671653911,16:00,2024-03-13 16:00:00,regular,Other,0,0,403.88774773318784,0,1,2,afternoon,Wednesday,0,3.0,0,0,1.0,1,0,0,0,0,0,2006.0,2006.0,0.8823529411764706,0.6101694915254238,1.0,3,5,1.0,-0.4565929507783189,clear,57.02,30.0,9.0720166,0.0,45.170117168292606,45.395,0.0,0.0,1,0,2829.542857142857,2611.56722577857,367.1282229965154,2104.6666666666665,2278.6,1534.7450292397662,45.0,45.0,90.0,9.411764705882351,1.1764705882352942,1.2352941176470589,0.9411764705882352,5.0588235294117645,7.466666666666667,0.6666666666666666,1.2,1.1333333333333333,0.6666666666666666,1.0,2.0,4.356862745098039,0.2156862745098039,1.0,1.0,Spring,1.0,0.0,SPRING BREAK,1.0,0.0,0.0,0.0,0.0,1.0,0.0,0.0,0.0
20240319_1800_unc_wilmington,2024.0,22,2024-03-19,UNC Wilmington,2438.0,2248,2248.0,190.0759890904392,190.0759890904392,7.796390036523346,18:00,2024-03-19 18:00:00,regular,UNC Wilmington,0,0,134.19227512000498,0,0,0,night,Tuesday,0,3.0,0,0,6.0,1,0,0,0,0,0,,2205.0,0.8095238095238095,0.6101694915254238,1.0,1,3,0.644,0.305298863274496,cloudy,67.82,46.0,5.592339,0.0,55.30346,61.43000000000001,0.0,100.0,0,1,2829.542857142857,2611.56722577857,367.1282229965154,2164.0,2168.4,1535.80023364486,45.0,45.0,90.0,9.0,1.3333333333333333,1.2857142857142858,0.9523809523809524,4.047619047619048,5.95,1.4,0.85,0.65,0.55,2.0,3.0,3.916666666666666,0.2595238095238095,1.0,1.0,Spring,0.0,0.0,,1.0,0.0,0.0,0.0,0.0,0.0,0.0,1.0,0.0
20240322_1130_georgia_tech,2024.0,23,2024-03-22,Georgia Tech,1915.0,2482,2482.0,-567.3536819658134,567.3536819658134,29.62682412354117,11:30,2024-03-22 11:30:00,regular,Georgia Tech,1,1,337.07691718159055,0,1,1,day,Friday,1,3.0,0,0,3.0,1,0,0,0,0,0,,2438.0,0.8181818181818182,0.6101694915254238,1.0,2,3,0.754,-0.0635841770756083,clear,58.64,32.0,10.5011699,0.0,45.24556493369954,47.32999999999999,0.0,0.0,0,0,2829.542857142857,2611.56722577857,367.1282229965154,2216.333333333333,2191.4,1536.242707117853,45.0,45.0,90.0,9.090909090909092,1.2727272727272727,1.2272727272727273,0.9545454545454546,4.363636363636363,9.9,2.1,0.75,4.7,0.8,3.0,5.0,-0.3000000000000007,0.0181818181818181,1.0,1.0,Spring,0.0,0.0,,0.0,0.0,0.0,0.0,0.0,0.0,0.0,0.0,0.0
20240323_1700_georgia_tech,2024.0,24,2024-03-23,Georgia Tech,2594.0,2835,2835.0,-240.63627513460503,240.63627513460503,9.276649002876065,17:00,2024-03-23 17:00:00,regular,Georgia Tech,1,1,337.07691718159055,0,1,2,afternoon,Saturday,1,3.0,0,0,1.0,1,0,0,1,1,1,1915.0,1915.0,0.8260869565217391,0.6101694915254238,1.0,3,3,0.8640000000000001,-0.3944963094724675,clear,62.42,31.0,1.9262501,0.0,55.10842860426912,54.1625,0.0,0.0,0,0,2829.542857142857,2611.56722577857,367.1282229965154,2186.0,2169.0,1537.4755244755245,45.0,45.0,90.0,8.91304347826087,1.2608695652173914,1.173913043478261,0.9130434782608696,4.217391304347826,9.61904761904762,2.0476190476190474,0.7142857142857143,4.428571428571429,0.7619047619047619,2.0,4.0,-0.0828157349896479,0.0641821946169772,1.0,1.0,Spring,0.0,0.0,,1.0,1.0,0.0,0.0,0.0,0.0,0.0,0.0,0.0
20240324_1200_georgia_tech,2024.0,25,2024-03-24,Georgia Tech,2408.0,2429,2429.0,-20.883303161374897,20.883303161374897,0.8672468090271968,12:00,2024-03-24 12:00:00,regular,Georgia Tech,1,1,337.07691718159055,0,1,3,day,Sunday,1,3.0,0,0,1.0,1,0,0,0,0,0,2594.0,2594.0,0.8333333333333334,0.6101694915254238,1.0,3,4,0.9320000000000002,-0.4255446301253933,cloudy,58.1,64.0,5.3437906,0.0,48.69595788888629,50.99,0.0,100.0,0,0,2829.542857142857,2611.56722577857,367.1282229965154,2315.6666666666665,2231.6,1538.488940628638,45.0,45.0,90.0,9.0,1.2916666666666667,1.1666666666666667,0.875,4.291666666666667,9.409090909090908,1.9545454545454544,0.7272727272727273,3.954545454545455,0.7272727272727273,1.0,3.0,0.5492424242424248,0.106060606060606,1.0,1.0,Spring,0.0,0.0,,0.0,0.0,0.0,0.0,0.0,0.0,0.0,0.0,0.0
20240326_1800_north_carolina_a_t,2024.0,26,2024-03-26,North Carolina A&T,2630.0,2614,2614.0,16.434654022498762,16.434654022498762,0.6248917879277096,18:00,2024-03-26 18:00:00,regular,North Carolina A&T,0,0,42.31286077983115,0,0,0,night,Tuesday,0,3.0,0,0,2.0,1,0,0,0,0,0,,2408.0,0.84,0.6101694915254238,1.0,3,5,1.0,-0.2704610490467247,clear,51.620000000000005,41.0,7.8914117,0.0,42.28645100402851,45.5675,0.0,0.0,0,1,2829.542857142857,2611.56722577857,367.1282229965154,2305.6666666666665,2312.0,1539.7581395348836,45.0,45.0,90.0,9.0,1.36,1.16,0.84,4.4,7.565217391304348,0.6086956521739131,0.8695652173913043,2.9130434782608696,0.7391304347826086,2.0,4.0,1.6886956521739132,0.1008695652173913,1.0,1.0,Spring,0.0,0.0,,2.0,0.0,0.0,0.0,1.0,0.0,0.0,1.0,0.0
20240412_1800_notre_dame,2024.0,34,2024-04-12,Notre Dame,2523.0,2980,2980.0,-456.9581346073428,456.9581346073428,18.111697764857027,18:00,2024-04-12 18:00:00,regular,Notre Dame,1,0,556.1705559984152,0,1,1,night,Friday,1,4.0,0,0,17.0,0,0,0,0,0,0,,2630.0,0.7878787878787878,0.6101694915254238,0.0,1,2,0.246,0.6202932993240884,cloudy,73.22,61.0,5.592339,0.0,60.35531,61.5725,1.0,100.0,0,0,2829.542857142857,2611.56722577857,367.1282229965154,2544.0,2397.0,1540.9001161440185,53.0,44.0,97.0,8.818181818181818,1.696969696969697,1.2424242424242424,0.7575757575757576,3.636363636363636,7.7,1.6666666666666667,0.6333333333333333,1.0,0.5,1.0,1.0,3.212121212121212,0.2878787878787878,1.0,1.0,Spring,0.0,0.0,,1.0,1.0,0.0,0.0,0.0,0.0,0.0,0.0,0.0
20240413_1400_notre_dame,2024.0,35,2024-04-13,Notre Dame,3887.0,3100,3100.0,787.2073426816951,787.2073426816951,20.2523113630485,14:00,2024-04-13 14:00:00,regular,Notre Dame,1,0,556.1705559984152,0,1,2,afternoon,Saturday,1,4.0,0,0,1.0,0,0,0,0,0,0,2523.0,2523.0,0.7941176470588235,0.6101694915254238,1.0,2,2,0.6859999999999999,-0.3132227642339267,rainy,72.86,73.0,18.019759,0.3,53.42076261716959,65.795,1.0,68.0,0,0,2829.542857142857,2611.56722577857,367.1282229965154,2520.333333333333,2414.0,1543.6218097447795,53.0,44.0,97.0,8.941176470588236,1.7352941176470589,1.2058823529411764,0.7352941176470589,3.911764705882353,7.451612903225806,1.6129032258064515,0.6129032258064516,0.5483870967741935,0.4838709677419355,1.0,1.0,3.983870967741936,0.310246679316888,1.0,1.0,Spring,0.0,0.0,,1.0,0.0,0.0,0.0,0.0,0.0,1.0,0.0,0.0
20240414_1300_notre_dame,2024.0,36,2024-04-14,Notre Dame,3169.0,3179,3179.0,-9.674554560069282,9.674554560069282,0.3052873007279672,13:00,2024-04-14 13:00:00,regular,Notre Dame,1,0,556.1705559984152,0,1,3,day,Sunday,1,4.0,0,0,1.0,0,0,0,0,0,0,3887.0,3887.0,0.8,0.6101694915254238,1.0,2,3,0.754,-0.3442710848868524,cloudy,67.1,37.0,13.5458878,0.0,49.0058995616912,64.71499999999999,1.0,34.0,0,0,2829.542857142857,2611.56722577857,367.1282229965154,3013.333333333333,2808.4,1545.505214368482,53.0,44.0,97.0,8.885714285714286,1.7714285714285714,1.1714285714285717,0.7142857142857143,3.942857142857143,7.28125,1.5625,0.59375,0.375,0.46875,1.0,1.0,4.230357142857143,0.33125,1.0,1.0,Spring,0.0,0.0,,1.0,0.0,0.0,1.0,0.0,0.0,0.0,0.0,0.0
20240416_1800_coastal_carolina,2024.0,37,2024-04-16,Coastal Carolina,3268.0,3237,3237.0,30.834481231776408,30.834481231776408,0.9435275774717384,18:00,2024-04-16 18:00:00,regular,Coastal Carolina,0,0,146.56725392967837,0,0,0,night,Tuesday,0,4.0,0,0,2.0,0,0,0,0,0,0,,3169.0,0.8055555555555556,0.6101694915254238,1.0,3,4,0.9320000000000002,-0.2520696977115474,clear,76.1,40.0,9.6933876,0.0,57.48801269879584,61.1975,0.0,9.0,0,1,2829.542857142857,2611.56722577857,367.1282229965154,3193.0,2923.4,1547.4988425925926,53.0,44.0,97.0,8.916666666666666,1.75,1.1666666666666667,0.6944444444444444,4.027777777777778,9.885714285714286,1.7428571428571429,0.9714285714285714,4.0,0.6857142857142857,2.0,3.0,0.2674603174603174,0.1198412698412698,1.0,1.0,Spring,0.0,0.0,,2.0,0.0,0.0,0.0,0.0,0.0,1.0,1.0,0.0
20240423_1800_gardner_webb,2024.0,41,2024-04-23,Gardner-Webb,2265.0,2608,2608.0,-342.9448168957288,342.9448168957288,15.14105151857522,18:00,2024-04-23 18:00:00,regular,Gardner-Webb,0,0,154.2659220007845,0,0,0,night,Tuesday,0,4.0,0,0,7.0,0,0,0,0,0,0,,3268.0,0.75,0.6101694915254238,1.0,1,2,0.5760000000000001,0.380274312736078,rainy,48.56,100.0,6.7108068,0.7,38.0437268959008,56.870000000000005,1.0,100.0,0,1,2829.542857142857,2611.56722577857,367.1282229965154,3441.333333333333,3095.4,1548.328323699422,53.0,44.0,97.0,8.775,1.9,1.05,0.675,3.825,4.871794871794871,0.9743589743589745,1.3333333333333333,-2.076923076923077,0.3846153846153846,2.0,2.0,6.632692307692308,0.3653846153846153,1.0,1.0,Spring,0.0,0.0,,1.0,0.0,0.0,0.0,0.0,0.0,0.0,1.0,0.0
20240426_1800_virginia_tech,2024.0,42,2024-04-26,Virginia Tech,3764.0,3521,3521.0,243.12899064178876,243.12899064178876,6.459324937348267,18:00,2024-04-26 18:00:00,regular,Virginia Tech,1,0,118.31257284562152,0,1,1,night,Friday,1,4.0,0,0,3.0,0,0,0,0,0,0,,2265.0,0.7560975609756098,0.6101694915254238,1.0,2,2,0.6859999999999999,-0.0578497950581795,clear,70.16,51.0,5.4059277,0.0,57.44423602959832,59.4125,1.0,17.0,0,0,2829.542857142857,2611.56722577857,367.1282229965154,2900.6666666666665,3022.4,1550.8868360277136,53.0,44.0,97.0,8.682926829268293,1.853658536585366,1.048780487804878,0.6585365853658537,3.804878048780488,8.64102564102564,2.0,0.6923076923076923,3.435897435897436,0.6666666666666666,2.0,3.0,0.5478424015009375,0.0894308943089431,1.0,1.0,Spring,0.0,0.0,,1.0,0.0,1.0,0.0,0.0,0.0,0.0,0.0,0.0
20240427_1400_virginia_tech,2024.0,43,2024-04-27,Virginia Tech,3642.0,3432,3432.0,209.55283545981183,209.55283545981183,5.753784609000874,14:00,2024-04-27 14:00:00,regular,Virginia Tech,1,0,118.31257284562152,0,1,2,afternoon,Saturday,1,4.0,0,0,1.0,0,0,0,0,0,0,3764.0,3764.0,0.7619047619047619,0.6101694915254238,1.0,3,3,0.8640000000000001,-0.3944963094724675,clear,72.68,39.0,3.9767744,0.0,59.65942918996895,61.5875,1.0,0.0,0,0,2829.542857142857,2611.56722577857,367.1282229965154,3099.0,3270.6,1553.2987312572088,53.0,44.0,97.0,8.666666666666666,1.8333333333333333,1.0238095238095235,0.6428571428571429,3.880952380952381,8.45,1.975,0.775,3.175,0.65,1.0,2.0,0.9297619047619056,0.1119047619047618,1.0,1.0,Spring,0.0,0.0,,1.0,0.0,0.0,0.0,0.0,0.0,1.0,0.0,0.0
20240428_1300_virginia_tech,2024.0,44,2024-04-28,Virginia Tech,3165.0,3304,3304.0,-139.2166147365583,139.2166147365583,4.39862921758478,13:00,2024-04-28 13:00:00,regular,Virginia Tech,1,0,118.31257284562152,0,1,3,day,Sunday,1,4.0,0,0,1.0,0,0,0,0,0,0,3642.0,3642.0,0.7674418604651163,0.6101694915254238,1.0,3,4,0.9320000000000002,-0.4255446301253933,cloudy,66.02,56.0,5.592339,0.0,54.47915999999999,58.61000000000001,0.0,99.0,0,0,2829.542857142857,2611.56722577857,367.1282229965154,3223.6666666666665,3221.6,1555.155529953917,53.0,44.0,97.0,8.604651162790697,1.813953488372093,1.0,0.7209302325581395,3.86046511627907,8.317073170731707,1.951219512195122,0.7560975609756098,3.024390243902439,0.6341463414634146,1.0,2.0,1.1026659103800345,0.1332955190017016,1.0,1.0,Spring,0.0,0.0,,2.0,1.0,0.0,0.0,0.0,0.0,0.0,0.0,0.0
20240430_1900_charlotte,2024.0,45,2024-04-30,Charlotte,2268.0,2901,2901.0,-632.9855758449485,632.9855758449485,27.90941692438044,19:00,2024-04-30 19:00:00,regular,Charlotte,0,0,103.22794871720184,0,0,0,night,Tuesday,0,4.0,0,0,2.0,0,0,0,0,0,0,,3165.0,0.75,0.6101694915254238,0.0,2,4,0.492,-0.1330668361309885,clear,72.68,59.0,7.0214923,0.0,58.61270875905817,66.6275,0.0,0.0,0,1,2829.542857142857,2611.56722577857,367.1282229965154,3523.6666666666665,3220.8,1555.97583429229,53.0,44.0,97.0,8.477272727272727,1.7727272727272727,0.9772727272727272,0.7045454545454546,3.75,6.068181818181818,1.1363636363636365,1.0909090909090908,-0.7272727272727273,0.4545454545454545,1.0,2.0,5.068181818181818,0.2954545454545454,1.0,1.0,Spring,0.0,0.0,,2.0,0.0,0.0,0.0,0.0,0.0,1.0,1.0,0.0
20240501_1800_william_mary,2024.0,46,2024-05-01,William & Mary,2485.0,2324,2324.0,160.6404455508018,160.6404455508018,6.464404247517177,18:00,2024-05-01 18:00:00,regular,Other,0,0,160.30493755402333,0,0,0,night,Wednesday,0,5.0,0,0,1.0,0,0,0,0,0,0,,2268.0,0.7555555555555555,0.6101694915254238,1.0,2,4,0.8220000000000001,-0.3753194055397781,clear,80.24000000000001,37.0,8.015685900000001,0.0,61.040537602516494,68.55499999999999,0.0,0.0,0,1,2829.542857142857,2611.56722577857,367.1282229965154,3025.0,3020.8,1557.0436781609196,53.0,44.0,97.0,8.577777777777778,1.7777777777777777,0.9555555555555556,0.7111111111111111,3.933333333333333,7.044444444444444,1.0888888888888888,1.6666666666666667,1.7555555555555555,0.5777777777777777,1.0,1.0,2.5333333333333337,0.1777777777777778,1.0,1.0,Spring,0.0,1.0,READING DAY,1.0,0.0,0.0,0.0,1.0,0.0,0.0,0.0,0.0
20240507_1800_campbell,2024.0,47,2024-05-07,Campbell,3003.0,2838,2838.0,165.31906820892254,165.31906820892254,5.505130476487597,18:00,2024-05-07 18:00:00,regular,Campbell,0,0,47.52570699070565,0,0,0,night,Tuesday,0,5.0,0,0,6.0,0,0,0,0,0,0,,2485.0,0.7608695652173914,0.6101694915254238,1.0,2,4,0.8220000000000001,0.3896827105770741,rainy,71.42,91.0,2.6097582,0.1,64.19766150978586,66.2075,1.0,100.0,0,1,2829.542857142857,2611.56722577857,367.1282229965154,2639.333333333333,3064.8,1558.7037887485649,47.0,39.0,86.0,8.804347826086957,1.8043478260869563,0.9565217391304348,0.7391304347826086,4.217391304347826,8.91304347826087,2.239130434782609,1.1304347826086956,1.0869565217391304,0.5869565217391305,0.0,0.0,3.4782608695652177,0.1739130434782608,1.0,1.0,Spring,0.0,1.0,,1.0,0.0,0.0,0.0,0.0,0.0,0.0,1.0,0.0
20240510_1800_louisville,2024.0,48,2024-05-10,Louisville,2840.0,2963,2963.0,-123.2239223120696,123.2239223120696,4.338870503946112,18:00,2024-05-10 18:00:00,regular,Louisville,1,0,402.6332015322946,0,1,1,night,Friday,1,5.0,0,0,3.0,0,0,0,0,0,0,,3003.0,0.7659574468085106,0.6101694915254238,1.0,3,4,0.9320000000000002,-0.0785947652977016,cloudy,82.94,61.0,6.5243955,0.0,67.22118488254742,75.46249999999999,1.0,100.0,0,0,2829.542857142857,2611.56722577857,367.1282229965154,2585.333333333333,2912.6,1560.173165137615,47.0,39.0,86.0,8.957446808510639,1.7872340425531914,0.9574468085106383,0.723404255319149,4.25531914893617,8.244897959183673,1.4285714285714286,1.2857142857142858,1.5714285714285714,0.5918367346938775,2.0,4.0,3.0321320017368647,0.1741207121146331,1.0,1.0,Spring,0.0,1.0,,1.0,0.0,0.0,0.0,0.0,0.0,0.0,0.0,1.0
20240511_1200_louisville,2024.0,49,2024-05-11,Louisville,2893.0,2738,2738.0,155.09127425722636,155.09127425722636,5.360915114318229,12:00,2024-05-11 12:00:00,regular,Louisville,1,0,402.6332015322946,0,1,2,day,Saturday,1,5.0,0,0,1.0,0,0,0,0,0,0,2840.0,2840.0,0.7708333333333334,0.6101694915254238,1.0,3,4,0.9320000000000002,-0.4255446301253933,cloudy,73.4,72.0,10.5011699,0.0,57.873324933699536,74.045,1.0,100.0,0,0,2829.542857142857,2611.56722577857,367.1282229965154,2776.0,2752.2,1561.6998854524627,47.0,39.0,86.0,9.0625,1.8958333333333333,0.9375,0.7291666666666666,4.375,8.16,1.42,1.26,1.34,0.58,1.0,3.0,3.416666666666667,0.1908333333333334,1.0,1.0,Spring,1.0,0.0,COMMENCEMENT,1.0,1.0,0.0,0.0,0.0,0.0,0.0,0.0,0.0
20240512_1200_louisville,2024.0,50,2024-05-12,Louisville,2616.0,2664,2664.0,-47.54783160757779,47.54783160757779,1.8175776608401293,12:00,2024-05-12 12:00:00,regular,Louisville,1,0,402.6332015322946,0,1,3,day,Sunday,1,5.0,0,0,1.0,0,0,0,0,0,0,2893.0,2893.0,0.7755102040816326,0.6101694915254238,1.0,3,5,1.0,-0.4565929507783189,cloudy,77.9,51.0,9.0720166,0.0,60.3097671682926,71.52499999999999,0.0,100.0,0,0,2829.542857142857,2611.56722577857,367.1282229965154,2912.0,2697.8,1562.9061784897026,47.0,39.0,86.0,9.0,1.877551020408164,0.9183673469387756,0.7346938775510204,4.326530612244898,8.07843137254902,1.411764705882353,1.2352941176470589,1.2745098039215683,0.5686274509803921,0.0,2.0,3.4657863145258108,0.2068827531012405,1.0,1.0,Spring,1.0,0.0,SEMESTER BREAK,1.0,0.0,0.0,0.0,0.0,0.0,1.0,0.0,0.0
20240531_1800_liu,2024.0,57,2024-05-31,LIU,3802.0,3724,3724.0,77.88613143929888,77.88613143929888,2.048556850060465,18:00,2024-05-31 18:00:00,regional,Other,0,0,461.9990524507827,0,0,0,night,Friday,1,5.0,0,0,19.0,0,1,0,0,0,0,,2616.0,0.7636363636363637,0.6101694915254238,0.0,2,3,0.424,1.22696326288552,cloudy,83.3,24.0,6.835081,0.0,62.11140067086272,73.4525,0.0,44.0,0,0,2829.542857142857,2611.56722577857,367.1282229965154,2783.0,2767.4,1565.4651428571428,47.0,39.0,86.0,9.036363636363635,1.9090909090909087,0.9454545454545454,0.7090909090909091,4.2727272727272725,7.285714285714286,1.2321428571428572,1.125,0.4285714285714285,0.5892857142857143,3.0,4.0,4.192857142857143,0.1743506493506493,1.0,1.0,Summer 1,0.0,0.0,,0.0,0.0,0.0,0.0,0.0,0.0,0.0,0.0,0.0
20240601_1700_lsu,2024.0,58,2024-06-01,LSU,3919.0,4001,4001.0,-81.71992500053602,81.71992500053602,2.0852239091741778,17:00,2024-06-01 17:00:00,regional,Other,0,0,797.1311569765401,0,0,0,afternoon,Saturday,1,6.0,0,0,1.0,0,1,0,0,0,0,,3802.0,0.7678571428571429,0.6101694915254238,1.0,2,4,0.8220000000000001,-0.3753194055397781,cloudy,77.9,32.0,7.7671375,0.0,59.14369150101524,69.89,0.0,60.0,0,0,2829.542857142857,2611.56722577857,367.1282229965154,3103.6666666666665,3030.8,1568.1518264840183,47.0,39.0,86.0,9.071428571428571,1.9107142857142856,0.9464285714285714,0.6964285714285714,4.25,7.129032258064516,1.7580645161290325,0.7741935483870968,2.419354838709677,0.6612903225806451,2.0,4.0,2.0437788018433176,0.1065668202764977,1.0,1.0,Summer 1,0.0,0.0,,0.0,0.0,0.0,0.0,0.0,0.0,0.0,0.0,0.0
20240602_1800_lsu,2024.0,59,2024-06-02,LSU,4098.0,4134,4134.0,-35.76605956777712,35.76605956777712,0.872768657095586,18:00,2024-06-02 18:00:00,regional,Other,0,0,797.1311569765401,0,0,0,night,Sunday,1,6.0,0,0,1.0,0,1,0,0,0,0,,3919.0,0.7719298245614035,0.6101694915254238,1.0,2,4,0.8220000000000001,-0.3753194055397781,cloudy,75.38,29.0,4.1010486,0.0,60.37216114965432,67.0925,0.0,28.0,0,1,2829.542857142857,2611.56722577857,367.1282229965154,3445.6666666666665,3214.0,1571.036488027366,60.0,64.0,124.0,9.017543859649123,1.912280701754386,0.9298245614035088,0.7368421052631579,4.245614035087719,7.140625,1.71875,0.78125,2.390625,0.65625,2.0,3.0,2.0863486842105257,0.1156798245614034,1.0,1.0,Summer 1,0.0,0.0,,0.0,0.0,0.0,0.0,0.0,0.0,0.0,0.0,0.0
20240603_1800_lsu,2024.0,60,2024-06-03,LSU,4026.0,4011,4011.0,14.512691453795924,14.512691453795924,0.360474204018776,18:00,2024-06-03 18:00:00,regional,Other,0,0,797.1311569765401,0,0,0,night,Monday,0,6.0,0,0,1.0,0,1,0,0,0,0,,4098.0,0.7586206896551724,0.6101694915254238,0.0,2,3,0.424,-0.1935954111300072,cloudy,78.25999999999999,32.0,5.530201900000001,0.0,61.13624231028717,68.33,0.0,100.0,0,1,2829.542857142857,2611.56722577857,367.1282229965154,3939.6666666666665,3465.6,1573.8325740318908,60.0,64.0,124.0,8.931034482758621,1.8793103448275863,0.9310344827586208,0.7586206896551724,4.103448275862069,7.153846153846154,1.7230769230769232,0.7692307692307693,2.4153846153846152,0.6615384615384615,2.0,3.0,1.882228116710876,0.0970822281167108,1.0,1.0,Summer 1,0.0,0.0,,0.0,0.0,0.0,0.0,0.0,0.0,0.0,0.0,0.0
20240607_1800_west_virginia,2024.0,61,2024-06-07,West Virginia,4139.0,3984,3984.0,154.66684313340102,154.66684313340102,3.7368166980768542,18:00,2024-06-07 18:00:00,super_regional,Other,0,0,261.794633807262,0,0,0,night,Friday,1,6.0,0,0,4.0,0,1,0,0,0,0,,4026.0,0.7627118644067796,0.6101694915254238,1.0,2,3,0.754,0.0767592768300136,cloudy,82.04,62.0,9.1962908,0.0,64.70499420053034,75.7325,1.0,88.0,0,0,2829.542857142857,2611.56722577857,367.1282229965154,4014.3333333333335,3692.2,1576.7508532423208,60.0,64.0,124.0,8.847457627118644,1.847457627118644,0.9322033898305084,0.7457627118644068,4.050847457627119,6.810344827586207,1.5172413793103448,0.8793103448275862,1.6206896551724137,0.6206896551724138,3.0,3.0,2.714202220923437,0.1420222092343658,1.0,1.0,Summer 1,0.0,0.0,,0.0,0.0,0.0,0.0,0.0,0.0,0.0,0.0,0.0
20240608_2000_west_virginia,2024.0,62,2024-06-08,West Virginia,4491.0,4250,4250.0,241.2027299581132,241.2027299581132,5.370802270276402,20:00,2024-06-08 20:00:00,super_regional,Other,0,0,261.794633807262,0,0,0,night,Saturday,1,6.0,0,0,1.0,0,1,0,0,0,0,,4139.0,0.7666666666666667,0.6101694915254238,1.0,2,4,0.8220000000000001,-0.3753194055397781,rainy,78.8,74.0,8.015685900000001,1.3,64.33229760251649,75.8,1.0,98.0,0,0,2829.542857142857,2611.56722577857,367.1282229965154,4087.6666666666665,3996.8,1576.7508532423208,60.0,64.0,124.0,8.833333333333334,1.8666666666666667,0.95,0.75,4.016666666666667,6.796610169491525,1.5423728813559323,0.8813559322033898,1.5593220338983051,0.6101694915254238,2.0,3.0,2.770338983050847,0.1564971751412429,1.0,1.0,Summer 1,0.0,0.0,,0.0,0.0,0.0,0.0,0.0,0.0,0.0,0.0,0.0
20250214_1200_texas_tech,2025.0,1,2025-02-14,Texas Tech,2485.0,2591,2591.0,-106.42430502962088,106.42430502962088,4.28266821044752,12:00,2025-02-14 12:00:00,regular,Other,0,0,1303.3038425569132,1,1,1,day,Friday,1,2.0,1,1,30.0,1,0,0,0,0,0,,2834.2,,0.75,,0,0,,,rainy,35.24,98.0,7.3943149,2.4,24.451519481177385,35.69,1.0,100.0,0,0,2834.2,2708.7191637630663,4.657142857142844,4082.5,4045.5,1577.7829545454545,9.0,16.0,25.0,,,,,,,,,,,,,,,0.0,1.0,Spring,0.0,0.0,,0.0,0.0,0.0,0.0,0.0,0.0,0.0,0.0,0.0
20250214_1600_texas_tech,2025.0,2,2025-02-14,Texas Tech,2822.0,2924,2924.0,-101.51953444780156,101.51953444780156,3.597432120758383,16:00,2025-02-14 16:00:00,regular,Other,0,0,1303.3038425569132,0,1,2,afternoon,Friday,1,2.0,1,2,0.0,1,0,0,0,0,0,2485.0,2485.0,1.0,0.75,1.0,1,1,0.508,-0.3265042250750359,cloudy,40.82,83.0,5.530201900000001,0.0,32.87981231028717,35.6225,1.0,100.0,1,0,2834.2,2708.7191637630663,4.657142857142844,3312.0,3687.0,1579.1952326901248,9.0,16.0,25.0,8.0,0.0,0.0,1.0,5.0,3.0,2.0,1.0,-5.0,0.0,0.0,0.0,12.0,1.0,1.0,1.0,Spring,0.0,0.0,,0.0,0.0,0.0,0.0,0.0,0.0,0.0,0.0,0.0
20250215_1200_texas_tech,2025.0,3,2025-02-15,Texas Tech,2475.0,2591,2591.0,-115.75363421558905,115.75363421558905,4.676914513761173,12:00,2025-02-15 12:00:00,regular,Other,0,0,1303.3038425569132,0,1,3,day,Saturday,1,2.0,0,0,1.0,1,0,0,1,1,0,2822.0,2822.0,1.0,0.75,1.0,2,2,0.6859999999999999,-0.3132227642339267,cloudy,48.38,94.0,11.4332264,0.0,34.97098922270258,39.89,1.0,100.0,0,0,2834.2,2708.7191637630663,4.657142857142844,2653.5,3368.0,1580.2108843537414,9.0,16.0,25.0,6.5,0.0,0.0,0.5,4.5,2.0,1.5,1.5,-4.5,0.0,0.0,0.0,11.0,1.0,1.0,1.0,Spring,0.0,0.0,,0.0,0.0,0.0,0.0,0.0,0.0,0.0,0.0,0.0
20250218_1600_kansas_state,2025.0,4,2025-02-18,Kansas State,2326.0,2556,2556.0,-230.28893748660263,230.28893748660263,9.900642196328576,16:00,2025-02-18 16:00:00,regular,Other,0,0,985.0305453988784,0,0,0,afternoon,Tuesday,0,2.0,0,0,3.0,1,0,0,0,0,0,,2475.0,1.0,0.75,1.0,3,3,0.8640000000000001,-0.0728603832802727,rainy,63.5,48.0,20.1324204,0.2,43.71228067743013,51.875,1.0,33.0,1,0,2834.2,2708.7191637630663,4.657142857142844,2594.0,2980.25,1581.0554926387315,9.0,16.0,25.0,5.666666666666667,0.0,0.6666666666666666,0.3333333333333333,3.6666666666666665,4.75,0.75,2.25,-3.5,0.25,1.0,1.0,8.666666666666666,0.75,1.0,1.0,Spring,0.0,0.0,,0.0,0.0,0.0,0.0,0.0,0.0,0.0,0.0,0.0
20250223_1300_east_carolina,2025.0,6,2025-02-23,East Carolina,3914.0,3546,3546.0,368.07734579844055,368.07734579844055,9.404122273848763,13:00,2025-02-23 13:00:00,regular,East Carolina,0,1,96.57704437500246,0,0,0,day,Sunday,1,2.0,0,0,5.0,1,0,0,0,0,0,,2326.0,1.0,0.75,1.0,3,5,1.0,0.2879346561480579,clear,33.62,45.0,7.2079036,0.0,30.096142725807105,24.6575,0.0,0.0,0,0,2834.2,2708.7191637630663,4.657142857142844,2541.0,2527.0,1583.6945701357463,9.0,16.0,25.0,6.2,0.0,0.6,0.2,3.2,2.6,1.0,1.4,-1.0,0.4,1.0,2.0,5.4,0.6,1.0,1.0,Spring,0.0,0.0,,0.0,0.0,0.0,0.0,0.0,0.0,0.0,0.0,0.0
20250225_1600_virginia_commonwealth,2025.0,8,2025-02-25,Virginia Commonwealth,2628.0,2704,2704.0,-76.0743848961215,76.0743848961215,2.8947635044186266,16:00,2025-02-25 16:00:00,regular,Virginia Commonwealth,0,0,142.91275148812667,0,0,0,afternoon,Tuesday,0,2.0,0,0,2.0,1,0,0,0,0,0,,3914.0,1.0,0.75,1.0,3,5,1.0,-0.2704610490467247,clear,52.52,30.0,1.5534275,0.0,49.5701557437306,38.7125,0.0,0.0,1,0,2834.2,2708.7191637630663,4.657142857142844,2905.0,2804.4,1584.8745762711865,9.0,16.0,25.0,6.857142857142857,0.2857142857142857,0.7142857142857143,0.4285714285714285,3.4285714285714284,3.7142857142857135,0.7142857142857143,0.8571428571428571,-3.4285714285714284,0.2857142857142857,1.0,2.0,8.285714285714285,0.7142857142857143,1.0,1.0,Spring,0.0,0.0,,0.0,0.0,0.0,0.0,0.0,0.0,0.0,0.0,0.0
20250226_1600_north_carolina_a_t,2025.0,9,2025-02-26,North Carolina A&T,2538.0,2438,2438.0,100.42790030961032,100.42790030961032,3.956970067360533,16:00,2025-02-26 16:00:00,regular,North Carolina A&T,0,0,42.31286077983115,0,0,0,afternoon,Wednesday,0,2.0,0,0,1.0,1,0,0,0,0,0,,2628.0,1.0,0.75,1.0,3,5,1.0,-0.4565929507783189,clear,60.440000000000005,31.0,4.2253228,0.0,51.16944092134061,41.165,0.0,0.0,1,0,2834.2,2708.7191637630663,4.657142857142844,2956.0,2833.0,1585.9503386004517,9.0,16.0,25.0,7.125,0.5,0.625,0.5,3.625,7.6,0.6,2.0,1.8,0.4,0.0,2.0,3.025,0.6,1.0,1.0,Spring,0.0,0.0,,0.0,0.0,0.0,0.0,0.0,0.0,0.0,0.0,0.0
20250228_1600_stony_brook,2025.0,10,2025-02-28,Stony Brook,2912.0,2913,2913.0,-0.6155259240449595,0.6155259240449595,0.0211375660729725,16:00,2025-02-28 16:00:00,regular,Stony Brook,0,0,471.4618673697349,0,1,1,afternoon,Friday,1,2.0,0,0,2.0,1,0,0,0,0,0,,2538.0,1.0,0.75,1.0,3,5,1.0,-0.2704610490467247,cloudy,70.16,29.0,5.9651616,0.0,55.49668263370901,53.225,0.0,97.0,1,0,2834.2,2708.7191637630663,4.657142857142844,3026.6666666666665,2776.2,1587.445321307779,9.0,16.0,25.0,7.777777777777778,0.7777777777777778,0.7777777777777778,0.5555555555555556,4.222222222222222,5.5,0.5,0.5,-0.8333333333333334,0.5,0.0,2.0,6.055555555555555,0.5,1.0,1.0,Spring,0.0,0.0,,0.0,0.0,0.0,0.0,0.0,0.0,0.0,0.0,0.0
20250301_1400_stony_brook,2025.0,11,2025-03-01,Stony Brook,3828.0,3086,3086.0,742.3981308630509,742.3981308630509,19.39389056591042,14:00,2025-03-01 14:00:00,regular,Stony Brook,0,0,471.4618673697349,0,1,2,afternoon,Saturday,1,3.0,0,0,1.0,1,0,1,0,1,0,2912.0,2912.0,1.0,0.75,1.0,3,5,1.0,-0.4565929507783189,cloudy,69.8,42.0,9.1962908,0.0,53.72515420053034,57.8975,0.0,100.0,0,0,2834.2,2708.7191637630663,4.657142857142844,2692.6666666666665,2863.6,1589.9684684684685,9.0,16.0,25.0,8.6,0.8,0.7,0.5,5.2,5.0,0.4285714285714285,0.8571428571428571,-2.7142857142857144,0.4285714285714285,0.0,1.0,9.057142857142855,0.5714285714285714,1.0,1.0,Spring,0.0,0.0,,1.0,1.0,0.0,0.0,0.0,0.0,0.0,0.0,0.0
20250302_1300_stony_brook,2025.0,12,2025-03-02,Stony Brook,2531.0,2907,2907.0,-376.2253400005448,376.2253400005448,14.864691426335233,13:00,2025-03-02 13:00:00,regular,Stony Brook,0,0,471.4618673697349,0,1,3,day,Sunday,1,3.0,0,0,1.0,1,0,0,0,0,0,3828.0,3828.0,1.0,0.75,1.0,3,5,1.0,-0.4565929507783189,cloudy,57.56,33.0,8.8856053,0.0,45.62123094323901,54.5375,1.0,94.0,0,0,2834.2,2708.7191637630663,4.657142857142844,3092.6666666666665,3164.0,1591.0269966254218,45.0,57.0,102.0,8.363636363636363,0.9090909090909092,0.8181818181818182,0.4545454545454545,5.181818181818182,4.5,0.375,0.75,-3.0,0.375,0.0,0.0,9.431818181818182,0.625,1.0,1.0,Spring,0.0,0.0,,0.0,0.0,0.0,0.0,0.0,0.0,0.0,0.0,0.0
20250304_1600_coastal_carolina,2025.0,13,2025-03-04,Coastal Carolina,2550.0,2733,2733.0,-183.1781026460667,183.1781026460667,7.1834550057281055,16:00,2025-03-04 16:00:00,regular,Coastal Carolina,0,0,146.56725392967837,0,0,0,afternoon,Tuesday,0,3.0,0,0,2.0,1,0,0,1,1,0,,2531.0,1.0,0.75,1.0,3,5,1.0,-0.2704610490467247,clear,45.5,31.0,4.0389115,0.0,42.08531877825154,44.465,0.0,0.0,1,0,2834.2,2708.7191637630663,4.657142857142844,3090.333333333333,2887.4,1592.1044943820225,45.0,57.0,102.0,8.416666666666666,0.9166666666666666,0.75,0.4166666666666667,5.083333333333333,7.833333333333333,1.0,1.25,3.75,0.8333333333333334,3.0,5.0,1.666666666666666,0.1666666666666666,1.0,1.0,Spring,0.0,0.0,,1.0,0.0,0.0,0.0,0.0,0.0,0.0,1.0,0.0
20250307_1600_stanford,2025.0,15,2025-03-07,Stanford,3075.0,3050,3050.0,25.231897590616427,25.231897590616427,0.8205495151419976,16:00,2025-03-07 16:00:00,regular,Other,1,0,2370.3964745746684,0,1,1,afternoon,Friday,1,3.0,0,0,3.0,1,0,0,0,0,0,,2550.0,1.0,0.75,1.0,3,5,1.0,-0.0843291473151304,clear,67.64,62.0,12.8623797,0.0,51.06611914742102,59.45,1.0,1.0,1,0,2834.2,2708.7191637630663,4.657142857142844,2969.6666666666665,2871.8,1593.7687991021323,45.0,57.0,102.0,8.153846153846153,0.8461538461538461,0.6923076923076923,0.3846153846153846,4.769230769230769,8.0,1.25,0.9166666666666666,3.0,0.8333333333333334,1.0,3.0,2.102564102564102,0.1666666666666666,1.0,1.0,Spring,0.0,0.0,,1.0,1.0,0.0,0.0,0.0,0.0,0.0,0.0,0.0
20250308_1300_stanford,2025.0,16,2025-03-08,Stanford,3393.0,3077,3077.0,316.1226358498516,316.1226358498516,9.316906450039834,13:00,2025-03-08 13:00:00,regular,Other,1,0,2370.3964745746684,0,1,2,day,Saturday,1,3.0,0,0,1.0,1,0,1,0,1,0,3075.0,3075.0,0.9285714285714286,0.75,0.0,2,4,0.492,-0.2246437317829329,cloudy,49.82,35.0,18.2061703,0.0,35.422918188512824,54.10999999999999,1.0,39.0,0,0,2834.2,2708.7191637630663,4.657142857142844,2718.6666666666665,2979.2,1595.7858744394618,45.0,57.0,102.0,8.214285714285714,0.7857142857142857,0.7142857142857143,0.3571428571428571,4.142857142857143,8.384615384615385,1.3076923076923077,0.9230769230769232,3.076923076923077,0.8461538461538461,2.0,3.0,1.2307692307692308,0.0824175824175824,1.0,1.0,Spring,0.0,0.0,,0.0,0.0,0.0,0.0,0.0,0.0,0.0,0.0,0.0
20250309_1300_stanford,2025.0,17,2025-03-09,Stanford,2906.0,3121,3121.0,-215.1326505360248,215.1326505360248,7.40305060344201,13:00,2025-03-09 13:00:00,regular,Other,1,0,2370.3964745746684,0,1,3,day,Sunday,1,3.0,0,0,1.0,1,0,0,0,0,0,3393.0,3393.0,0.9333333333333332,0.75,1.0,2,4,0.8220000000000001,-0.3753194055397781,cloudy,51.98,36.0,4.411734099999999,0.0,45.5723759395365,41.5775,0.0,100.0,0,0,2834.2,2708.7191637630663,4.657142857142844,3006.0,3075.4,1597.253079507279,45.0,57.0,102.0,8.4,1.0,0.6666666666666666,0.4,4.533333333333333,7.857142857142857,1.2857142857142858,0.8571428571428571,2.142857142857143,0.7857142857142857,1.0,2.0,2.685714285714286,0.1476190476190476,1.0,1.0,Spring,0.0,0.0,,0.0,0.0,0.0,0.0,0.0,0.0,0.0,0.0,0.0
20250319_1600_connecticut,2025.0,22,2025-03-19,Connecticut,3375.0,2797,2797.0,577.9324959528421,577.9324959528421,17.12392580601014,16:00,2025-03-19 16:00:00,regular,Other,0,0,547.2471697397605,0,0,0,afternoon,Wednesday,0,3.0,0,0,10.0,1,0,0,0,0,0,,2906.0,0.8,0.75,0.0,1,2,0.246,0.2997741645422832,clear,60.62,37.0,12.42742,0.0,45.40133494400135,59.82500000000001,1.0,9.0,1,0,2834.2,2708.7191637630663,4.657142857142844,3124.6666666666665,2891.0,1599.241610738255,45.0,57.0,102.0,7.3,1.1,0.9,0.5,3.05,7.176470588235294,1.1764705882352942,0.9411764705882352,-0.8823529411764706,0.3529411764705882,0.0,2.0,4.826470588235295,0.4470588235294118,1.0,1.0,Spring,0.0,0.0,,1.0,0.0,0.0,0.0,1.0,0.0,0.0,0.0,0.0
20250328_1800_miami,2025.0,27,2025-03-28,Miami,3412.0,3498,3498.0,-86.46824036462112,86.46824036462112,2.534239166606715,18:00,2025-03-28 18:00:00,regular,Miami,1,0,707.9608864912377,0,1,1,night,Friday,1,3.0,0,0,9.0,1,0,0,0,0,0,,3375.0,0.76,0.75,1.0,2,3,0.754,0.7784765463581239,cloudy,60.08,24.0,10.9361296,0.0,45.78580674342206,53.135,1.0,66.0,0,0,2834.2,2708.7191637630663,4.657142857142844,3224.6666666666665,3059.8,1601.2670391061451,45.0,57.0,102.0,7.08,1.2,0.84,0.44,3.0,7.3076923076923075,1.1923076923076923,1.1153846153846154,1.3461538461538465,0.5384615384615384,1.0,2.0,2.096923076923076,0.2215384615384615,1.0,1.0,Spring,0.0,0.0,,1.0,1.0,0.0,0.0,0.0,0.0,0.0,0.0,0.0
20250329_1400_miami,2025.0,28,2025-03-29,Miami,4002.0,3536,3536.0,465.65315313014526,465.65315313014526,11.635511072717271,14:00,2025-03-29 14:00:00,regular,Miami,1,0,707.9608864912377,0,1,2,afternoon,Saturday,1,3.0,0,0,1.0,1,0,0,0,0,0,3412.0,3412.0,0.7692307692307693,0.75,1.0,3,4,0.9320000000000002,-0.4255446301253933,clear,61.34,30.0,3.9767744,0.0,51.95866918996895,49.82750000000001,0.0,0.0,0,0,2834.2,2708.7191637630663,4.657142857142844,3231.0,3232.2,1603.946428571429,45.0,57.0,102.0,6.884615384615385,1.1538461538461535,0.8461538461538461,0.4230769230769231,2.9615384615384617,7.037037037037037,1.148148148148148,1.1111111111111112,1.2222222222222223,0.5185185185185185,0.0,1.0,2.2407407407407405,0.2507122507122508,1.0,1.0,Spring,0.0,0.0,,0.0,0.0,0.0,0.0,0.0,0.0,0.0,0.0,0.0
20250330_1200_miami,2025.0,29,2025-03-30,Miami,3048.0,3529,3529.0,-481.18564902147546,481.18564902147546,15.786930742174391,12:00,2025-03-30 12:00:00,regular,Miami,1,0,707.9608864912377,0,1,3,day,Sunday,1,3.0,0,0,1.0,1,0,0,0,0,0,4002.0,4002.0,0.7777777777777778,0.75,1.0,3,4,0.9320000000000002,-0.4255446301253933,clear,67.46,41.0,9.2584279,0.0,52.03806419800398,55.6325,0.0,0.0,0,0,2834.2,2708.7191637630663,4.657142857142844,3596.333333333333,3417.6,1605.55629877369,45.0,57.0,102.0,6.777777777777778,1.1111111111111112,0.8148148148148148,0.4444444444444444,2.925925925925926,6.857142857142857,1.1428571428571428,1.1428571428571428,1.1071428571428572,0.5,0.0,1.0,2.3743386243386246,0.2777777777777778,1.0,1.0,Spring,0.0,0.0,,2.0,0.0,0.0,1.0,0.0,0.0,0.0,0.0,0.0
20250401_1800_gardner_webb,2025.0,30,2025-04-01,Gardner-Webb,2650.0,3144,3144.0,-494.1858278989157,494.1858278989157,18.648521807506253,18:00,2025-04-01 18:00:00,regular,Gardner-Webb,0,0,154.2659220007845,0,0,0,night,Tuesday,0,4.0,0,0,2.0,0,0,0,0,0,0,,3048.0,0.75,0.75,0.0,2,4,0.492,-0.1330668361309885,rainy,73.22,60.0,7.7050004,0.2,58.60323720853823,67.4075,1.0,98.0,0,1,2834.2,2708.7191637630663,4.657142857142844,3487.333333333333,3348.6,1606.7193763919822,45.0,57.0,102.0,6.607142857142857,1.0714285714285714,0.8214285714285714,0.4285714285714285,2.75,8.517241379310345,1.3448275862068966,1.137931034482759,0.5862068965517241,0.4827586206896552,3.0,3.0,2.6982758620689653,0.2672413793103448,1.0,1.0,Spring,0.0,0.0,,0.0,0.0,0.0,0.0,0.0,0.0,0.0,0.0,0.0
20250403_1900_duke,2025.0,31,2025-04-03,Duke,4045.0,3854,3854.0,190.640247328879,190.640247328879,4.712985100837553,19:00,2025-04-03 19:00:00,regular,Duke,1,1,8.929448381307317,0,1,1,night,Thursday,0,4.0,0,0,2.0,0,0,0,0,0,0,,2650.0,0.7586206896551724,0.75,1.0,2,4,0.8220000000000001,-0.2223189823164077,cloudy,62.24,61.0,2.6718953,0.0,54.69485876693513,60.13249999999999,1.0,97.0,0,1,2834.2,2708.7191637630663,4.657142857142844,3233.333333333333,3297.4,1609.4315906562847,57.0,63.0,120.0,6.758620689655173,1.103448275862069,0.8620689655172413,0.4137931034482758,3.0,8.1,1.5333333333333334,0.7666666666666667,2.2666666666666666,0.6666666666666666,2.0,4.0,0.9172413793103456,0.0919540229885057,1.0,1.0,Spring,0.0,0.0,,1.0,1.0,0.0,0.0,0.0,0.0,0.0,0.0,0.0
20250404_1800_duke,2025.0,32,2025-04-04,Duke,3667.0,4152,4152.0,-485.38005267152494,485.38005267152494,13.236434487906326,18:00,2025-04-04 18:00:00,regular,Duke,1,1,8.929448381307317,0,1,2,night,Friday,1,4.0,0,0,1.0,0,0,0,0,0,0,4045.0,4045.0,0.7666666666666667,0.75,1.0,2,4,0.8220000000000001,-0.3753194055397781,cloudy,73.22,63.0,13.1109281,0.0,55.4236143803445,57.5075,0.0,55.0,0,0,2834.2,2708.7191637630663,4.657142857142844,3247.6666666666665,3431.4,1611.717777777778,57.0,63.0,120.0,6.666666666666667,1.1,0.9,0.4333333333333333,2.933333333333333,7.935483870967742,1.5161290322580645,0.8387096774193549,2.161290322580645,0.6451612903225806,2.0,3.0,1.0150537634408607,0.121505376344086,1.0,1.0,Spring,0.0,0.0,,1.0,1.0,0.0,0.0,0.0,0.0,0.0,0.0,0.0
20250405_1400_duke,2025.0,33,2025-04-05,Duke,4044.0,4282,4282.0,-237.63153028222317,237.63153028222317,5.876150600450622,14:00,2025-04-05 14:00:00,regular,Duke,1,1,8.929448381307317,0,1,3,afternoon,Saturday,1,4.0,0,0,1.0,0,0,0,0,0,0,3667.0,3667.0,0.7419354838709677,0.75,0.0,2,3,0.424,-0.1935954111300072,cloudy,79.88,64.0,9.7555247,0.0,62.86832783605828,69.46249999999999,1.0,100.0,0,0,2834.2,2708.7191637630663,4.657142857142844,3454.0,3482.4,1614.4173140954497,57.0,63.0,120.0,6.612903225806452,1.096774193548387,0.9032258064516128,0.4193548387096774,2.7096774193548385,7.96875,1.5625,0.8125,2.21875,0.65625,2.0,3.0,0.662298387096774,0.0856854838709677,1.0,1.0,Spring,0.0,0.0,,2.0,0.0,0.0,1.0,0.0,0.0,1.0,0.0,0.0
20250411_1800_wake_forest,2025.0,35,2025-04-11,Wake Forest,3032.0,3196,3196.0,-164.3637298917447,164.3637298917447,5.420967344714535,18:00,2025-04-11 18:00:00,regular,Wake Forest,1,1,70.00484351123771,0,1,1,night,Friday,1,4.0,0,0,6.0,0,0,0,0,0,0,,4044.0,0.7575757575757576,0.75,1.0,2,4,0.8220000000000001,0.3896827105770741,clear,56.120000000000005,43.0,2.9825808,0.0,49.69853126393387,47.2475,0.0,0.0,0,0,2834.2,2708.7191637630663,4.657142857142844,3918.6666666666665,3490.8,1615.988913525499,57.0,63.0,120.0,6.818181818181818,1.181818181818182,0.9393939393939394,0.4848484848484848,2.636363636363636,9.411764705882351,1.911764705882353,1.2352941176470589,4.794117647058823,0.7058823529411765,3.0,4.0,-2.054367201426025,0.051693404634581,1.0,1.0,Spring,0.0,0.0,,0.0,0.0,0.0,0.0,0.0,0.0,0.0,0.0,0.0
20250412_1300_wake_forest,2025.0,36,2025-04-12,Wake Forest,4005.0,3351,3351.0,654.0691063326558,654.0691063326558,16.33131351642087,13:00,2025-04-12 13:00:00,regular,Wake Forest,1,1,70.00484351123771,0,1,2,day,Saturday,1,4.0,0,0,1.0,0,0,0,0,0,0,3032.0,3032.0,0.7647058823529411,0.75,1.0,3,4,0.9320000000000002,-0.4255446301253933,cloudy,63.14,48.0,6.337984199999999,0.0,51.44997956949036,50.39000000000001,0.0,98.0,0,0,2834.2,2708.7191637630663,4.657142857142844,3581.0,3487.6,1618.6345514950167,57.0,63.0,120.0,6.941176470588236,1.2058823529411764,0.9117647058823528,0.4705882352941176,2.8529411764705883,9.17142857142857,1.8571428571428568,1.2285714285714286,4.371428571428571,0.6857142857142857,2.0,3.0,-1.360504201680671,0.0789915966386554,1.0,1.0,Spring,0.0,0.0,,2.0,0.0,0.0,1.0,0.0,0.0,1.0,0.0,0.0
20250413_1300_wake_forest,2025.0,37,2025-04-13,Wake Forest,2962.0,3210,3210.0,-247.56540109798152,247.56540109798152,8.358048652869059,13:00,2025-04-13 13:00:00,regular,Wake Forest,1,1,70.00484351123771,0,1,3,day,Sunday,1,4.0,0,0,1.0,0,0,0,0,0,0,4005.0,4005.0,0.7714285714285715,0.75,1.0,3,4,0.9320000000000002,-0.4255446301253933,rainy,58.64,72.0,2.7340324000000003,0.2,51.82906337171103,55.55,1.0,100.0,0,0,2834.2,2708.7191637630663,4.657142857142844,3693.6666666666665,3758.6,1620.120575221239,57.0,63.0,120.0,7.228571428571429,1.2285714285714286,0.8857142857142857,0.4857142857142857,3.2285714285714286,8.944444444444445,1.8333333333333333,1.2222222222222223,3.8055555555555554,0.6666666666666666,1.0,3.0,-0.367460317460317,0.1047619047619048,1.0,1.0,Spring,0.0,0.0,,0.0,0.0,0.0,0.0,0.0,0.0,0.0,0.0,0.0
20250415_1800_charlotte,2025.0,38,2025-04-15,Charlotte,4114.0,3470,3470.0,643.7532465467511,643.7532465467511,15.647866955438774,18:00,2025-04-15 18:00:00,regular,Charlotte,0,0,103.22794871720184,0,0,0,night,Tuesday,0,4.0,0,0,2.0,0,0,0,0,0,0,,2962.0,0.7777777777777778,0.75,1.0,3,5,1.0,-0.2704610490467247,clear,60.62,50.0,6.21371,0.0,49.78021148746119,49.325,0.0,0.0,0,1,2834.2,2708.7191637630663,4.657142857142844,3333.0,3542.0,1622.8762430939223,57.0,63.0,120.0,7.111111111111111,1.1944444444444444,0.8888888888888888,0.4722222222222222,3.1666666666666665,5.457142857142857,1.1428571428571428,0.6,0.8,0.6,2.0,4.0,2.7222222222222223,0.1777777777777778,1.0,1.0,Spring,0.0,0.0,,3.0,1.0,0.0,0.0,1.0,0.0,0.0,0.0,0.0
20250429_1600_george_mason,2025.0,46,2025-04-29,George Mason,2434.0,2875,2875.0,-441.1934448564834,441.1934448564834,18.12627135811353,16:00,2025-04-29 16:00:00,regular,Other,0,0,223.31304027930992,0,0,0,afternoon,Tuesday,0,4.0,0,0,14.0,0,0,0,0,0,0,,4114.0,0.7674418604651163,0.75,1.0,2,3,0.754,1.4801938158862342,cloudy,69.62,33.0,5.716613199999999,0.0,55.63194943161401,64.76,1.0,72.0,1,0,2834.2,2708.7191637630663,4.657142857142844,3693.6666666666665,3631.4,1623.771523178808,57.0,63.0,120.0,7.325581395348837,1.3255813953488371,0.8837209302325582,0.5813953488372093,3.255813953488372,9.318181818181818,0.9318181818181818,1.0454545454545454,4.113636363636363,0.6590909090909091,2.0,4.0,-0.6411205073995774,0.1083509513742072,1.0,1.0,Spring,0.0,0.0,,1.0,0.0,0.0,0.0,0.0,0.0,0.0,1.0,0.0
20250430_1800_queens,2025.0,47,2025-04-30,Queens,2717.0,2644,2644.0,72.96920492962136,72.96920492962136,2.6856534755105392,18:00,2025-04-30 18:00:00,regular,Other,0,0,103.21767923084889,0,0,0,night,Wednesday,0,4.0,0,0,1.0,0,0,0,0,0,0,,2434.0,0.7727272727272727,0.75,1.0,2,4,0.8220000000000001,-0.3753194055397781,clear,73.22,29.0,4.970968,0.0,58.22562320081219,61.475,0.0,0.0,0,1,2834.2,2708.7191637630663,4.657142857142844,3170.0,3309.4,1624.9768467475194,57.0,63.0,120.0,7.454545454545454,1.318181818181818,0.8863636363636364,0.5681818181818182,3.386363636363636,3.619047619047619,0.6190476190476191,1.3571428571428572,-5.476190476190476,0.1428571428571428,1.0,1.0,10.122294372294371,0.6298701298701299,1.0,1.0,Spring,0.0,1.0,READING DAY,0.0,0.0,0.0,0.0,0.0,0.0,0.0,0.0,0.0
20250506_1800_campbell,2025.0,48,2025-05-06,Campbell,2884.0,3090,3090.0,-205.90885162406084,205.90885162406084,7.139696658254537,18:00,2025-05-06 18:00:00,regular,Campbell,0,0,47.52570699070565,0,0,0,night,Tuesday,0,5.0,0,0,6.0,0,0,0,0,0,0,,2717.0,0.7777777777777778,0.75,1.0,3,4,0.9320000000000002,0.4418300319438359,rainy,71.6,67.0,4.1010486,0.2,60.91065114965431,66.69500000000001,1.0,26.0,0,1,2834.2,2708.7191637630663,4.657142857142844,3088.333333333333,3246.4,1626.363436123348,43.0,57.0,100.0,7.6,1.3333333333333333,0.8888888888888888,0.6,3.555555555555556,6.869565217391305,1.4565217391304348,1.4782608695652173,0.1739130434782608,0.4347826086956521,2.0,2.0,4.067632850241545,0.3429951690821256,1.0,1.0,Spring,0.0,1.0,,1.0,0.0,0.0,0.0,0.0,0.0,0.0,1.0,0.0
20250508_1800_nc_state,2025.0,49,2025-05-08,NC State,3729.0,3799,3799.0,-69.99781460398435,69.99781460398435,1.8771202629118893,18:00,2025-05-08 18:00:00,regular,NC State,1,1,21.74482629705425,0,1,1,night,Thursday,0,5.0,0,0,2.0,0,0,0,0,0,0,,2884.0,0.782608695652174,0.75,1.0,3,4,0.9320000000000002,-0.2520696977115474,clear,73.94,44.0,4.411734099999999,0.0,60.503815939536494,63.9725,0.0,5.0,0,1,2834.2,2708.7191637630663,4.657142857142844,2678.333333333333,3022.2,1628.6765676567657,43.0,57.0,100.0,7.6521739130434785,1.326086956521739,0.8695652173913043,0.5869565217391305,3.6739130434782608,7.956521739130435,1.3043478260869563,0.8695652173913043,2.5217391304347827,0.6739130434782609,1.0,2.0,1.3695652173913038,0.108695652173913,1.0,1.0,Spring,0.0,1.0,,1.0,1.0,0.0,0.0,0.0,0.0,0.0,0.0,0.0
20250509_1800_nc_state,2025.0,50,2025-05-09,NC State,4152.0,4369,4369.0,-217.39733439555403,217.39733439555403,5.235966628023941,18:00,2025-05-09 18:00:00,regular,NC State,1,1,21.74482629705425,0,1,2,night,Friday,1,5.0,0,0,1.0,0,0,0,0,0,0,3729.0,3729.0,0.7872340425531915,0.75,1.0,3,5,1.0,-0.4565929507783189,cloudy,74.12,50.0,5.0331051,0.0,60.579640338715066,66.1925,0.0,100.0,0,0,2834.2,2708.7191637630663,4.657142857142844,3110.0,3175.6,1631.4494505494506,43.0,57.0,100.0,7.659574468085107,1.297872340425532,0.851063829787234,0.5957446808510638,3.74468085106383,7.808510638297872,1.297872340425532,0.8936170212765957,2.3191489361702127,0.6595744680851063,1.0,1.0,1.680851063829787,0.1276595744680851,1.0,1.0,Spring,0.0,1.0,,2.0,1.0,1.0,0.0,0.0,0.0,0.0,0.0,0.0
20250530_1200_holy_cross,2025.0,59,2025-05-30,Holy Cross,4005.0,3649,3649.0,355.87750936831844,355.87750936831844,8.885830446150274,12:00,2025-05-30 12:00:00,regional,Other,0,0,585.754376801233,0,0,0,day,Friday,1,5.0,0,0,21.0,0,1,0,0,0,0,,4152.0,0.7777777777777778,0.75,1.0,3,4,0.9320000000000002,3.043954018151524,rainy,62.78,91.0,4.2874599,0.1,54.13767765659924,60.3875,1.0,100.0,0,0,2834.2,2708.7191637630663,4.657142857142844,3588.333333333333,3183.2,1634.0548847420416,43.0,57.0,100.0,7.703703703703703,1.351851851851852,0.8148148148148148,0.5740740740740741,3.7777777777777777,7.464285714285714,0.5892857142857143,1.3392857142857142,1.1607142857142858,0.5535714285714286,1.0,3.0,3.06547619047619,0.2242063492063492,1.0,1.0,Summer 1,0.0,0.0,,0.0,0.0,0.0,0.0,0.0,0.0,0.0,0.0,0.0
20250531_1800_oklahoma,2025.0,60,2025-05-31,Oklahoma,4029.0,4194,4194.0,-164.9086870434994,164.9086870434994,4.093042617113413,18:00,2025-05-31 18:00:00,regional,Other,0,0,1032.9893256197422,0,0,0,night,Saturday,1,5.0,0,0,1.0,0,1,0,0,0,0,,4005.0,0.7818181818181819,0.75,1.0,3,4,0.9320000000000002,-0.4255446301253933,cloudy,75.56,79.0,5.4059277,0.0,64.09317602959833,67.58,1.0,100.0,0,0,2834.2,2708.7191637630663,4.657142857142844,3962.0,3497.4,1636.6809210526317,43.0,57.0,100.0,7.636363636363637,1.3272727272727274,0.8181818181818182,0.6181818181818182,3.7818181818181817,6.456140350877193,1.105263157894737,1.0,1.5964912280701755,0.631578947368421,2.0,3.0,2.485805422647528,0.1502392344497608,1.0,1.0,Summer 1,0.0,0.0,,0.0,0.0,0.0,0.0,0.0,0.0,0.0,0.0,0.0
20250601_1936_oklahoma,2025.0,61,2025-06-01,Oklahoma,4001.0,4190,4190.0,-189.0006697970857,189.0006697970857,4.723835785980648,19:36,2025-06-01 19:36:00,regional,Other,0,0,1032.9893256197422,0,0,0,night,Sunday,1,6.0,0,0,1.0,0,1,0,0,0,0,,4029.0,0.7857142857142857,0.75,1.0,3,5,1.0,-0.4565929507783189,cloudy,67.28,87.0,9.6933876,0.0,53.97749269879584,69.335,1.0,100.0,0,1,2834.2,2708.7191637630663,4.657142857142844,4062.0,3759.8,1639.2705366922237,43.0,57.0,100.0,7.696428571428571,1.3571428571428572,0.8214285714285714,0.6071428571428571,3.821428571428572,6.610169491525424,1.1016949152542372,1.0,1.7118644067796611,0.6271186440677966,2.0,3.0,2.426755447941889,0.1585956416464891,1.0,1.0,Summer 1,0.0,0.0,,0.0,0.0,0.0,0.0,0.0,0.0,0.0,0.0,0.0
20250602_1500_oklahoma,2025.0,62,2025-06-02,Oklahoma,3914.0,4280,4280.0,-365.6387020162701,365.6387020162701,9.3418166074673,15:00,2025-06-02 15:00:00,regional,Other,0,0,1032.9893256197422,0,0,0,afternoon,Monday,0,6.0,0,0,1.0,0,1,0,0,0,0,,4001.0,0.7719298245614035,0.75,0.0,2,4,0.492,-0.2246437317829329,rainy,74.48,56.0,13.9808475,0.1,55.31290723119178,65.48,1.0,42.0,1,0,2834.2,2708.7191637630663,4.657142857142844,4011.6666666666665,3983.2,1641.7592997811817,70.0,79.0,149.0,7.649122807017544,1.350877192982456,0.8421052631578947,0.5964912280701754,3.684210526315789,6.65,1.1333333333333333,1.0,1.75,0.6333333333333333,2.0,3.0,2.2114035087719293,0.1385964912280701,1.0,1.0,Summer 1,0.0,0.0,,0.0,0.0,0.0,0.0,0.0,0.0,0.0,0.0,0.0
20250606_1200_arizona,2025.0,63,2025-06-06,Arizona,4045.0,4103,4103.0,-57.63167962619264,57.63167962619264,1.4247634023780626,12:00,2025-06-06 12:00:00,super_regional,Other,0,0,1834.7529048839265,0,0,0,day,Friday,1,6.0,0,0,4.0,0,1,0,0,0,0,,3914.0,0.7758620689655172,0.75,1.0,2,4,0.8220000000000001,0.0836818641303332,cloudy,78.98,59.0,2.8583066,0.0,67.38577461135128,70.985,0.0,100.0,0,0,2834.2,2708.7191637630663,4.657142857142844,3981.3333333333335,4020.2,1644.385792349727,70.0,79.0,149.0,7.758620689655173,1.3793103448275863,0.8275862068965517,0.5862068965517241,3.793103448275862,6.7,1.2333333333333334,0.8166666666666667,1.6833333333333331,0.7,3.0,5.0,2.261494252873564,0.0758620689655172,1.0,1.0,Summer 1,0.0,0.0,,0.0,0.0,0.0,0.0,0.0,0.0,0.0,0.0,0.0
20250607_1200_arizona,2025.0,64,2025-06-07,Arizona,4032.0,4345,4345.0,-313.0389582137086,313.0389582137086,7.7638630509352335,12:00,2025-06-07 12:00:00,super_regional,Other,0,0,1834.7529048839265,0,0,0,day,Saturday,1,6.0,0,0,1.0,0,1,0,0,0,0,,4045.0,0.7796610169491526,0.75,1.0,2,4,0.8220000000000001,-0.3753194055397781,rainy,72.5,87.0,6.027298699999999,0.1,61.496906638465646,72.635,1.0,100.0,0,0,2834.2,2708.7191637630663,4.657142857142844,3986.6666666666665,3998.8,1646.9923580786026,70.0,79.0,149.0,7.932203389830509,1.423728813559322,0.8135593220338984,0.6101694915254238,4.0,6.622950819672131,1.213114754098361,0.819672131147541,1.3934426229508197,0.6885245901639344,2.0,4.0,2.7888302306196167,0.0911364267852181,1.0,1.0,Summer 1,0.0,0.0,,0.0,0.0,0.0,0.0,0.0,0.0,0.0,0.0,0.0
20250608_1200_arizona,2025.0,65,2025-06-08,Arizona,4013.0,4109,4109.0,-96.3942187343646,96.3942187343646,2.4020488097275003,12:00,2025-06-08 12:00:00,super_regional,Other,0,0,1834.7529048839265,0,0,0,day,Sunday,1,6.0,0,0,1.0,0,1,0,0,0,0,,4032.0,0.7666666666666667,0.75,0.0,2,3,0.424,-0.1935954111300072,cloudy,80.96,70.0,3.7903631,0.0,69.26818301745378,70.8425,1.0,78.0,0,0,2834.2,2708.7191637630663,4.657142857142844,3997.0,4004.2,1646.9923580786026,70.0,79.0,149.0,7.933333333333334,1.4333333333333331,0.8166666666666667,0.6,3.9,6.67741935483871,1.2096774193548387,0.8064516129032258,1.403225806451613,0.6935483870967742,2.0,4.0,2.643010752688172,0.0731182795698924,1.0,1.0,Summer 1,0.0,0.0,,0.0,0.0,0.0,0.0,0.0,0.0,0.0,0.0,0.0
20260213_1600_indiana,2026.0,1,2026-02-13 00:00:00,Indiana,3168.0,3001,3001.323763119202,166.67623688079811,166.67623688079811,5.261244851035294,16:00,2026-02-13 16:00:00,regular,Other,0,0,466.71754931673905,1,1,1,afternoon,Friday,1,2.0,0,0,30.0,1,0,0,0,0,0,,3334.0526315789475,,0.7540983606557377,,0,0,,,cloudy,64.58,19.0,10.2526215,0.0,48.650148552582465,57.755,0.0,22.0,1,0,3334.0526315789475,3006.2786549707603,499.8526315789477,4038.5,3998.0,1650.2350380848748,11.0,16.0,27.0,,,,,,,,,,,,,,,0.0,1.0,Spring,0.0,0.0,,0.0,0.0,0.0,0.0,0.0,0.0,0.0,0.0,0.0
20260214_1200_indiana,2026.0,2,2026-02-14 00:00:00,Indiana,3065.0,3293,3292.9867300002675,-227.98673000026747,227.98673000026747,7.438392495930424,12:00,2026-02-14 12:00:00,regular,Other,0,0,466.71754931673905,0,1,2,day,Saturday,1,2.0,1,1,1.0,1,0,1,0,1,0,3168.0,3168.0,1.0,0.7540983606557377,1.0,1,1,0.508,-0.23146367634280812,cloudy,46.22,36.0,9.320565,0.0,37.973013292136265,47.3525,0.0,98.0,0,0,3334.0526315789475,3006.2786549707603,499.8526315789477,3600.0,3789.75,1651.7728260869565,11.0,16.0,27.0,9.0,0.0,1.0,0.0,5.0,4.0,0.0,1.0,-5.0,0.0,0.0,0.0,12.0,1.0,1.0,1.0,Spring,0.0,0.0,,1.0,1.0,0.0,0.0,0.0,0.0,0.0,0.0,0.0
20260214_1542_indiana,2026.0,3,2026-02-14 00:00:00,Indiana,2928.0,3159,3159.250710031301,-231.25071003130097,231.25071003130097,7.897906763364104,15:42,2026-02-14 15:42:00,regular,Other,0,0,466.71754931673905,0,1,3,afternoon,Saturday,1,2.0,1,2,0.0,1,0,1,0,1,0,3065.0,3065.0,1.0,0.7540983606557377,1.0,2,2,0.6859999999999999,-0.44035263706624644,cloudy,50.72,26.0,7.3321778,0.0,42.69059901611669,45.2525,0.0,90.0,0,0,3334.0526315789475,3006.2786549707603,499.8526315789477,3116.5,3577.5,1653.158523344191,11.0,16.0,27.0,6.5,0.5,1.0,0.5,3.0,3.5,0.0,1.5,-3.0,0.0,0.0,0.0,8.0,1.0,1.0,1.0,Spring,0.0,0.0,,0.0,0.0,0.0,0.0,0.0,0.0,0.0,0.0,0.0
20260217_1600_richmond,2026.0,4,2026-02-17 00:00:00,Richmond,2646.0,2345,2344.9114924800197,301.08850751998034,301.08850751998034,11.379006331065018,16:00,2026-02-17 16:00:00,regular,Other,0,0,141.8169871916085,0,0,0,afternoon,Tuesday,0,2.0,0,0,3.0,1,0,0,1,1,0,,2928.0,1.0,0.7540983606557377,1.0,3,3,0.8640000000000001,-0.07178504622604652,rainy,45.5,99.0,11.557500600000001,4.6,31.767880462177388,45.5225,1.0,100.0,1,0,3334.0526315789475,3006.2786549707603,499.8526315789477,3053.6666666666665,3298.25,1654.2353579175706,11.0,16.0,27.0,8.333333333333334,0.6666666666666666,0.6666666666666666,0.6666666666666666,5.333333333333333,6.666666666666667,0.3333333333333333,0.0,1.0,0.6666666666666666,2.0,2.0,5.0,0.3333333333333333,1.0,1.0,Spring,0.0,0.0,,1.0,0.0,0.0,0.0,0.0,0.0,0.0,1.0,0.0
20260218_1600_longwood,2026.0,5,2026-02-18 00:00:00,Longwood,2548.0,2670,2669.749997637393,-121.74999763739288,121.74999763739288,4.778257364104902,16:00,2026-02-18 16:00:00,regular,Other,0,0,102.1495764877588,0,0,0,afternoon,Wednesday,0,2.0,0,0,1.0,1,0,0,0,0,0,,2646.0,1.0,0.7540983606557377,1.0,3,4,0.9320000000000002,-0.42465383140058505,clear,55.58,53.0,6.337984199999999,0.0,45.98558956949036,46.2275,1.0,2.0,1,0,3334.0526315789475,3006.2786549707603,499.8526315789477,2879.6666666666665,2951.75,1655.2036836403033,11.0,16.0,27.0,8.75,1.0,0.75,0.75,6.5,9.333333333333334,1.3333333333333333,0.6666666666666666,8.333333333333334,1.0,3.0,3.0,-1.833333333333334,0.0,1.0,1.0,Spring,0.0,0.0,,0.0,0.0,0.0,0.0,0.0,0.0,0.0,0.0,0.0
20260222_1300_east_carolina,2026.0,8,2026-02-22 00:00:00,East Carolina,3200.0,3368,3367.7559087864956,-167.75590878649564,167.75590878649564,5.242372149577989,13:00,2026-02-22 13:00:00,regular,East Carolina,0,1,96.57704437500246,0,0,0,day,Sunday,1,2.0,0,0,4.0,1,0,0,0,0,0,,2548.0,0.8571428571428571,0.7540983606557377,0.0,2,4,0.492,0.05077034725474826,cloudy,69.8,77.0,8.512782699999999,0.0,56.462976465074085,59.73500000000001,1.0,86.0,0,0,3334.0526315789475,3006.2786549707603,499.8526315789477,2707.3333333333335,2871.0,1656.875541125541,11.0,16.0,27.0,7.571428571428571,1.0,0.5714285714285714,1.0,4.428571428571429,5.714285714285714,0.5714285714285714,1.7142857142857142,0.2857142857142857,0.4285714285714285,2.0,3.0,5.0,0.4285714285714285,1.0,1.0,Spring,0.0,0.0,,1.0,0.0,0.0,0.0,0.0,0.0,0.0,0.0,1.0
20260224_1500_north_carolina_a_t,2026.0,9,2026-02-24 00:00:00,North Carolina A&T,2284.0,2184,2183.969516211775,100.03048378822496,100.03048378822496,4.379618379519481,15:00,2026-02-24 15:00:00,regular,North Carolina A&T,0,0,42.31286077983115,0,0,0,afternoon,Tuesday,0,2.0,0,0,2.0,1,0,0,0,0,0,,3200.0,0.75,0.7540983606557377,0.5,1,3,0.479,-0.1290238477243793,rainy,43.34,86.0,9.3827021,0.4,32.03403009425571,50.17249999999999,1.0,100.0,1,0,3334.0526315789475,3006.2786549707603,499.8526315789477,2798.0,2877.4,1657.5535135135135,11.0,16.0,27.0,7.0,0.875,0.5,0.875,3.875,4.142857142857143,0.5714285714285714,1.7142857142857142,-2.2857142857142856,0.2857142857142857,1.0,1.0,7.089285714285714,0.4642857142857143,1.0,1.0,Spring,0.0,0.0,,1.0,0.0,0.0,0.0,0.0,0.0,0.0,1.0,0.0
20260225_1600_virginia_commonwealth,2026.0,10,2026-02-25 00:00:00,Virginia Commonwealth,2438.0,2605,2605.198517503049,-167.19851750304906,167.19851750304906,6.858019585851069,16:00,2026-02-25 16:00:00,regular,Virginia Commonwealth,0,0,142.91275148812667,0,0,0,afternoon,Wednesday,0,2.0,0,0,1.0,1,0,0,0,0,0,,2284.0,0.7777777777777778,0.7540983606557377,1.0,1,3,0.644,-0.29343032985190637,cloudy,41.36,36.0,14.6022185,0.0,31.70470445626775,35.3975,1.0,84.0,1,0,3334.0526315789475,3006.2786549707603,499.8526315789477,2677.3333333333335,2721.2,1658.3963282937366,11.0,16.0,27.0,7.222222222222222,0.7777777777777778,0.4444444444444444,1.0,4.333333333333333,6.714285714285714,1.0,0.8571428571428571,1.1428571428571428,0.5714285714285714,1.0,2.0,3.603174603174603,0.2063492063492064,1.0,1.0,Spring,0.0,0.0,,0.0,0.0,0.0,0.0,0.0,0.0,0.0,0.0,0.0
20260227_1600_le_moyne,2026.0,11,2026-02-27 00:00:00,Le Moyne,2396.0,2784,2784.425307549022,-388.4253075490219,388.4253075490219,16.211406825919113,16:00,2026-02-27 16:00:00,regular,Other,0,0,517.96787307916,0,1,1,afternoon,Friday,1,2.0,0,0,2.0,1,0,0,0,0,0,,2438.0,0.8,0.7540983606557377,1.0,2,3,0.754,-0.2030980818041378,cloudy,59.18,37.0,13.9808475,0.0,43.592197231191776,42.5375,0.0,100.0,1,0,3334.0526315789475,3006.2786549707603,499.8526315789477,2640.6666666666665,2623.2,1659.1920172599785,11.0,16.0,27.0,7.8,1.0,0.5,0.9,4.9,5.166666666666667,0.1666666666666666,1.8333333333333333,-7.833333333333333,0.0,0.0,0.0,14.333333333333332,0.8,1.0,1.0,Spring,0.0,0.0,,0.0,0.0,0.0,0.0,0.0,0.0,0.0,0.0,0.0
20260228_1400_le_moyne,2026.0,12,2026-02-28 00:00:00,Le Moyne,3494.0,2841,2841.2243840739793,652.7756159260207,652.7756159260207,18.682759471265616,14:00,2026-02-28 14:00:00,regular,Other,0,0,517.96787307916,0,1,2,afternoon,Saturday,1,2.0,0,0,1.0,1,0,1,0,1,0,2396.0,2396.0,0.8181818181818182,0.7540983606557377,1.0,3,3,0.8640000000000001,-0.3936705046460359,rainy,53.96,94.0,4.2253228,0.6,45.74874092134061,53.9075,1.0,100.0,0,0,3334.0526315789475,3006.2786549707603,499.8526315789477,2372.6666666666665,2573.2,1661.1691810344828,11.0,16.0,27.0,8.545454545454545,1.0909090909090908,0.4545454545454545,0.8181818181818182,5.636363636363637,4.857142857142857,0.2857142857142857,1.7142857142857142,-8.571428571428571,0.0,0.0,0.0,15.844155844155845,0.8181818181818182,1.0,1.0,Spring,0.0,0.0,,1.0,0.0,0.0,0.0,0.0,0.0,0.0,0.0,1.0
20260301_1300_le_moyne,2026.0,13,2026-03-01 00:00:00,Le Moyne,3233.0,2712,2712.4057552160825,520.5942447839175,520.5942447839175,16.102512984346347,13:00,2026-03-01 13:00:00,regular,Other,0,0,517.96787307916,0,1,3,day,Sunday,1,3.0,0,0,1.0,1,0,0,0,0,0,3494.0,3494.0,0.8333333333333334,0.7540983606557377,1.0,3,4,0.9320000000000002,-0.42465383140058505,rainy,48.02,97.0,6.7108068,1.0,37.66839689590081,50.78,1.0,100.0,0,0,3334.0526315789475,3006.2786549707603,499.8526315789477,2776.0,2762.4,1662.8611410118408,11.0,16.0,27.0,8.833333333333334,1.1666666666666667,0.4166666666666667,0.75,6.0,4.5,0.375,1.625,-8.75,0.0,0.0,0.0,16.416666666666668,0.8333333333333334,1.0,1.0,Spring,0.0,0.0,,0.0,0.0,0.0,0.0,0.0,0.0,0.0,0.0,0.0
20260303_1500_elon,2026.0,14,2026-03-03 00:00:00,Elon,2396.0,2538,2538.4153715211414,-142.41537152114142,142.41537152114142,5.943880280515085,15:00,2026-03-03 15:00:00,regular,Elon,0,0,28.02167355511645,0,0,0,afternoon,Tuesday,0,3.0,0,0,2.0,1,0,1,0,1,0,,3233.0,0.8461538461538461,0.7540983606557377,1.0,3,5,1.0,-0.26936085119912173,cloudy,74.3,30.0,9.3827021,0.0,55.589710094255715,52.79749999999999,0.0,23.0,1,0,3334.0526315789475,3006.2786549707603,499.8526315789477,3041.0,2769.0,1663.6494623655915,55.0,63.0,118.0,9.76923076923077,1.3076923076923077,0.4615384615384615,0.7692307692307693,7.076923076923077,6.454545454545454,0.6363636363636364,0.6363636363636364,1.5454545454545454,0.5454545454545454,2.0,2.0,6.132867132867132,0.3006993006993007,1.0,1.0,Spring,0.0,0.0,,1.0,0.0,0.0,0.0,0.0,0.0,0.0,1.0,0.0
20260306_1600_virginia,2026.0,15,2026-03-06 00:00:00,Virginia,3848.0,3322,3321.5000825685424,526.4999174314576,526.4999174314576,13.682430286680288,16:00,2026-03-06 16:00:00,regular,Virginia,1,0,149.348256794612,0,1,1,afternoon,Friday,1,3.0,0,0,3.0,1,0,0,0,0,0,,2396.0,0.8571428571428571,0.7540983606557377,1.0,3,5,1.0,-0.08308454424310939,cloudy,75.56,46.0,7.8292746,0.0,58.98580681644874,53.165,0.0,100.0,1,0,3334.0526315789475,3006.2786549707603,499.8526315789477,3041.0,2791.4,1665.9957035445757,55.0,63.0,118.0,9.428571428571429,1.2142857142857142,0.4285714285714285,0.7857142857142857,6.857142857142857,10.846153846153848,1.8461538461538465,1.1538461538461535,5.307692307692308,0.8461538461538461,2.0,4.0,1.5714285714285712,0.0109890109890109,1.0,1.0,Spring,0.0,0.0,,2.0,1.0,0.0,0.0,0.0,0.0,0.0,0.0,0.0
20260307_1300_virginia,2026.0,16,2026-03-07 00:00:00,Virginia,3504.0,2968,2968.2312367045542,535.7687632954458,535.7687632954458,15.290204431947652,13:00,2026-03-07 13:00:00,regular,Virginia,1,0,149.348256794612,0,1,2,day,Saturday,1,3.0,1,1,1.0,1,0,0,1,1,0,3848.0,3848.0,0.8,0.7540983606557377,0.0,2,4,0.492,-0.224173481812326,cloudy,74.12,58.0,10.4390328,0.0,57.28018301957171,62.99,0.0,100.0,0,0,3334.0526315789475,3006.2786549707603,499.8526315789477,3159.0,3073.4,1667.9678111587982,55.0,63.0,118.0,9.0,1.1333333333333333,0.6,0.7333333333333333,5.733333333333333,11.0,1.8571428571428568,1.0714285714285714,5.642857142857143,0.8571428571428571,2.0,4.0,-0.0238095238095237,-0.057142857142857,1.0,1.0,Spring,0.0,0.0,,0.0,0.0,0.0,0.0,0.0,0.0,0.0,0.0,0.0
20260307_1646_virginia,2026.0,17,2026-03-07 00:00:00,Virginia,2283.0,3170,3170.379049985139,-887.3790499851389,887.3790499851389,38.86899036290578,16:46,2026-03-07 16:46:00,regular,Virginia,1,0,149.348256794612,0,1,3,afternoon,Saturday,1,3.0,1,2,0.0,1,0,0,1,1,0,3504.0,3504.0,0.75,0.7540983606557377,0.0,1,3,0.314,-0.20156082804489997,cloudy,76.82,48.0,11.806049,0.0,57.48900338066984,63.402499999999996,0.0,39.0,0,0,3334.0526315789475,3006.2786549707603,499.8526315789477,3249.3333333333335,3295.0,1668.6270096463022,55.0,63.0,118.0,8.9375,1.1875,0.6875,0.6875,5.4375,10.733333333333333,1.8,1.0666666666666669,5.2,0.8,2.0,3.0,0.2624999999999993,0.0124999999999999,1.0,1.0,Spring,0.0,0.0,,0.0,0.0,0.0,0.0,0.0,0.0,0.0,0.0,0.0
20260310_1500_bucknell,2026.0,18,2026-03-10 00:00:00,Bucknell,2466.0,2170,2170.3564981178774,295.64350188212256,295.64350188212256,11.98878758646077,15:00,2026-03-10 15:00:00,regular,Other,0,0,367.4037894347642,0,0,0,afternoon,Tuesday,0,3.0,0,0,3.0,1,0,0,0,0,0,,2283.0,0.7058823529411765,0.7540983606557377,0.0,0,2,0.136,-0.011299498017062877,cloudy,76.1,57.0,7.3943149,0.0,60.78050948117738,69.875,1.0,100.0,1,0,3334.0526315789475,3006.2786549707603,499.8526315789477,3211.6666666666665,3052.8,1669.480728051392,55.0,63.0,118.0,8.529411764705882,1.2352941176470589,0.6470588235294118,0.7058823529411765,4.705882352941177,4.230769230769231,0.9230769230769232,2.230769230769231,-5.076923076923077,0.3076923076923077,1.0,3.0,10.69683257918552,0.4570135746606334,1.0,1.0,Spring,0.0,0.0,,1.0,0.0,0.0,0.0,0.0,0.0,0.0,1.0,0.0
20260318_1500_unc_greensboro,2026.0,22,2026-03-18 00:00:00,UNC Greensboro,2526.0,2191,2191.0120987532546,334.9879012467454,334.9879012467454,13.261595457115813,15:00,2026-03-18 15:00:00,regular,UNC Greensboro,0,0,43.93017338876137,0,0,0,afternoon,Wednesday,0,3.0,0,0,8.0,1,0,0,0,0,0,,2466.0,0.7142857142857143,0.7540983606557377,1.0,3,3,0.8640000000000001,0.732928599823927,cloudy,69.44,63.0,14.7886298,0.0,51.5006820254074,64.5575,1.0,100.0,1,0,3334.0526315789475,3006.2786549707603,499.8526315789477,2751.0,2899.4,1670.3967914438504,55.0,63.0,118.0,8.666666666666666,1.238095238095238,0.5714285714285714,0.8095238095238095,5.190476190476191,6.333333333333333,0.6190476190476191,1.238095238095238,-0.5238095238095238,0.4761904761904761,3.0,4.0,6.380952380952381,0.3333333333333333,1.0,1.0,Spring,1.0,0.0,SPRING BREAK,1.0,0.0,0.0,0.0,0.0,1.0,0.0,0.0,0.0
20260320_2000_louisville,2026.0,23,2026-03-20 00:00:00,Louisville,2699.0,3217,3217.4659833232995,-518.4659833232995,518.4659833232995,19.209558478077046,20:00,2026-03-20 20:00:00,regular,Louisville,1,0,402.6332015322946,0,1,1,night,Friday,1,3.0,0,0,2.0,1,0,0,0,0,0,,2526.0,0.7272727272727273,0.7540983606557377,1.0,3,4,0.9320000000000002,-0.2510443133175815,cloudy,40.1,50.0,3.2932663,0.0,37.655546762738346,36.934999999999995,0.0,66.0,0,0,3334.0526315789475,3006.2786549707603,499.8526315789477,2425.0,2925.4,1671.4957264957266,55.0,63.0,118.0,8.636363636363637,1.2272727272727273,0.6363636363636364,0.8636363636363636,5.227272727272728,10.571428571428571,1.5714285714285714,0.7142857142857143,4.142857142857143,0.7142857142857143,3.0,4.0,1.292207792207792,0.1038961038961039,1.0,1.0,Spring,1.0,0.0,SPRING BREAK,1.0,1.0,0.0,0.0,0.0,0.0,0.0,0.0,0.0
20260321_1400_louisville,2026.0,24,2026-03-21 00:00:00,Louisville,3376.0,3173,3173.4675257408708,202.53247425912923,202.53247425912923,5.999184664073733,14:00,2026-03-21 14:00:00,regular,Louisville,1,0,402.6332015322946,0,1,2,afternoon,Saturday,1,3.0,0,0,1.0,1,0,0,0,0,0,2699.0,2699.0,0.6956521739130435,0.7540983606557377,0.0,2,4,0.492,-0.224173481812326,cloudy,59.18,34.0,1.5534275,0.0,53.69201574373059,41.69,0.0,84.0,0,0,3334.0526315789475,3006.2786549707603,499.8526315789477,2563.6666666666665,2695.6,1673.3148345784418,55.0,63.0,118.0,8.73913043478261,1.2173913043478262,0.6086956521739131,0.8695652173913043,5.434782608695652,10.136363636363637,1.5,0.7727272727272727,3.5,0.6818181818181818,2.0,3.0,2.2233201581027675,0.1442687747035573,1.0,1.0,Spring,1.0,0.0,SPRING BREAK,1.0,0.0,0.0,0.0,0.0,0.0,1.0,0.0,0.0
20260322_1300_louisville,2026.0,25,2026-03-22 00:00:00,Louisville,3231.0,3029,3028.904754293576,202.09524570642407,202.09524570642407,6.254882256466235,13:00,2026-03-22 13:00:00,regular,Louisville,1,0,402.6332015322946,0,1,3,day,Sunday,1,3.0,0,0,1.0,1,0,0,0,0,0,3376.0,3376.0,0.6666666666666666,0.7540983606557377,0.0,1,3,0.314,-0.14307006766071212,cloudy,68.9,34.0,8.2642343,0.0,53.2731671815613,50.2475,0.0,26.0,0,0,3334.0526315789475,3006.2786549707603,499.8526315789477,2867.0,2670.0,1674.9754797441365,55.0,63.0,118.0,8.375,1.1666666666666667,0.625,0.8333333333333334,5.125,9.782608695652174,1.434782608695652,0.8260869565217391,3.4347826086956523,0.6956521739130435,2.0,4.0,1.8822463768115936,0.0960144927536231,1.0,1.0,Spring,1.0,0.0,SPRING BREAK,1.0,0.0,0.0,1.0,0.0,0.0,0.0,0.0,0.0
20260331_2000_campbell,2026.0,30,2026-03-31 00:00:00,Campbell,3140.0,2906,2906.245717452042,233.75428254795816,233.75428254795816,7.4444039028012154,20:00,2026-03-31 20:00:00,regular,Campbell,0,0,47.52570699070565,0,0,0,night,Tuesday,0,3.0,0,0,9.0,1,0,0,0,0,0,,3231.0,0.7241379310344828,0.7540983606557377,1.0,3,5,1.0,1.0345732974929647,cloudy,54.5,55.0,5.4059276999999994,0.0,45.92760602959832,46.887499999999996,0.0,56.0,0,1,3334.0526315789475,3006.2786549707603,499.8526315789477,3102.0,2859.6,1676.535676251331,55.0,63.0,118.0,8.655172413793103,1.1724137931034482,0.5517241379310345,0.7586206896551724,4.965517241379311,7.888888888888889,1.2962962962962965,1.1851851851851851,2.4074074074074074,0.6666666666666666,3.0,5.0,2.879948914431673,0.160919540229885,1.0,1.0,Spring,0.0,0.0,,2.0,0.0,0.0,0.0,0.0,0.0,1.0,1.0,0.0
20260402_1800_boston_college,2026.0,31,2026-04-02 00:00:00,Boston College,3031.0,2674,2674.420053655589,356.5799463444109,356.5799463444109,11.764432409911281,18:00,2026-04-02 18:00:00,regular,Boston College,1,0,612.3496255030115,0,1,1,night,Thursday,0,4.0,0,0,2.0,0,0,0,0,0,0,,3140.0,0.7,0.7540983606557377,0.0,2,4,0.492,-0.1325255387899679,clear,75.92,49.0,9.134153699999999,0.0,58.624454711884276,64.19,1.0,17.0,0,1,3334.0526315789475,3006.2786549707603,499.8526315789477,3249.0,2994.4,1677.976595744681,54.0,58.0,112.0,8.533333333333333,1.2,0.6,0.7666666666666667,4.833333333333333,6.838709677419355,0.8064516129032258,0.967741935483871,2.548387096774193,0.6774193548387096,2.0,4.0,2.596774193548387,0.1559139784946237,1.0,1.0,Spring,1.0,0.0,WELLNESS DAY,1.0,0.0,0.0,0.0,0.0,0.0,0.0,0.0,1.0
20260403_1700_boston_college,2026.0,32,2026-04-03 00:00:00,Boston College,3381.0,3107,3107.252792471365,273.74720752863504,273.74720752863504,8.096634354588437,17:00,2026-04-03 17:00:00,regular,Boston College,1,0,612.3496255030115,0,1,2,afternoon,Friday,1,4.0,0,0,1.0,0,0,0,0,0,0,3031.0,3031.0,0.6774193548387096,0.7540983606557377,0.0,1,3,0.314,-0.14307006766071212,cloudy,82.4,43.0,8.015685900000001,0.0,63.257297602516495,69.23,0.0,28.0,1,0,3334.0526315789475,3006.2786549707603,499.8526315789477,3134.0,3095.4,1679.7863974495217,54.0,58.0,112.0,8.290322580645162,1.1612903225806452,0.6451612903225806,0.8387096774193549,4.516129032258065,6.8125,0.78125,0.96875,2.625,0.6875,2.0,4.0,2.129032258064516,0.1189516129032257,1.0,1.0,Spring,1.0,0.0,HOLIDAY,0.0,0.0,0.0,0.0,0.0,0.0,0.0,0.0,0.0
20260404_1200_boston_college,2026.0,33,2026-04-04 00:00:00,Boston College,3259.0,3124,3124.294735328592,134.7052646714078,134.7052646714078,4.133331226493028,12:00,2026-04-04 12:00:00,regular,Boston College,1,0,612.3496255030115,0,1,3,day,Saturday,1,4.0,0,0,1.0,0,0,0,0,0,0,3381.0,3381.0,0.6875,0.7540983606557377,1.0,1,3,0.644,-0.29343032985190637,clear,76.64,61.0,7.2079036,0.0,61.7429127258071,71.11999999999999,0.0,1.0,0,0,3334.0526315789475,3006.2786549707603,499.8526315789477,3184.0,3231.8,1681.4628450106156,54.0,58.0,112.0,8.1875,1.15625,0.625,0.875,4.46875,6.666666666666667,0.7575757575757576,0.9696969696969696,2.4545454545454546,0.6666666666666666,2.0,3.0,2.305871212121212,0.1458333333333333,1.0,1.0,Spring,0.0,0.0,,0.0,0.0,0.0,0.0,0.0,0.0,0.0,0.0,0.0
20260407_1900_charlotte,2026.0,34,2026-04-07 00:00:00,Charlotte,4289.0,2733,2733.3999711589795,1555.6000288410205,1555.6000288410205,36.269527368641185,19:00,2026-04-07 19:00:00,regular,Charlotte,0,0,103.22794871720183,0,0,0,night,Tuesday,0,4.0,0,0,3.0,0,0,0,0,0,0,,3259.0,0.696969696969697,0.7540983606557377,1.0,2,3,0.754,-0.06264574635930448,rainy,64.4,98.0,5.9651616,0.7,54.41476263370901,68.54,1.0,100.0,0,1,3334.0526315789475,3006.2786549707603,499.8526315789477,3223.6666666666665,3208.4,1684.2279957582184,54.0,58.0,112.0,8.181818181818182,1.121212121212121,0.6060606060606061,0.9090909090909092,4.363636363636363,,,,,,,,,,0.0,1.0,Spring,0.0,0.0,,5.0,1.0,0.0,0.0,1.0,0.0,0.0,1.0,0.0
20260414_1800_unc_wilmington,2026.0,38,2026-04-14 00:00:00,UNC Wilmington,,2844,2843.7500596591776,,,,18:00,2026-04-14 18:00:00,regular,UNC Wilmington,0,0,134.19227512000498,0,0,0,night,Tuesday,0,4.0,0,0,7.0,0,0,0,0,0,0,,4289.0,0.6756756756756757,0.7540983606557377,1.0,1,3,0.644,0.42634132022612536,cloudy,78.8,41.0,5.530201900000001,0.0,62.503882310287175,66.11749999999999,0.0,24.0,0,1,3334.0526315789475,3006.2786549707603,499.8526315789477,3643.0,3420.0,1684.2279957582184,54.0,58.0,112.0,8.135135135135135,1.108108108108108,0.6756756756756757,0.918918918918919,4.135135135135135,6.583333333333333,0.8611111111111112,0.9444444444444444,2.305555555555556,0.5555555555555556,0.0,1.0,2.3400900900900905,0.2552552552552553,1.0,1.0,Spring,0.0,0.0,,1.0,0.0,0.0,0.0,0.0,0.0,0.0,1.0,0.0
