event_id,season_year,game_number,date,opponent,actual,predicted,predicted_raw,error,abs_error,pct_error,exact_time,opponent_grp,acc,rivalry,opp_distance_miles,opening_day,series,game_in_series,time_bucket,day_of_week,weekend,month,early_season,playoff,days_since_last_hg,mbb_any,mbb_home,mbb_away,school_hours,school_night,prev_szn_record_pct,prev_season_attendance,prev_3yr_attendance,attendance_yoy_change,gt_web_preseason,gt_youtube_preseason,gt_total_preseason,runs_pg_prev_season,runs_allowed_pg_prev_season,hr_pg_prev_season,k_pg_prev_season,so_pg_prev_season,hr_allowed_pg_prev_season,run_diff_pg_prev_season,win_pct_prev_season,team_strength_prev_season,opp_runs_pg_prev_season,opp_runs_allowed_pg_prev_season,opp_hr_pg_prev_season,opp_k_pg_prev_season,opp_so_pg_prev_season,opp_hr_allowed_pg_prev_season,opp_run_diff_pg_prev_season,opp_win_pct_prev_season,opp_team_strength_prev_season,strength_diff_prev_season,win_pct_diff_prev_season,acad_sesh_active,acad_semester,acad_break,acad_exams,acad_break_type
20240216_1600_wagner,2024.0,1,2024-02-16,Wagner,2837.0,2447,2447.0,390.416407103819,390.416407103819,13.761593482686605,2024-02-16 16:00:00,Other,0,0,421.7875492251025,1,1,1,afternoon,Friday,1,2.0,1,0,30.0,0.0,0.0,0.0,1,0,0.6101694915254238,2829.542857142857,2611.56722577857,367.12822299651543,54.0,56.0,110.0,7.416666666666667,5.233333333333333,1.45,8.033333333333333,8.783333333333333,1.4166666666666667,2.183333333333333,0.6,3.383333333333333,7.178571428571429,6.446428571428571,0.8571428571428571,7.178571428571429,7.517857142857143,0.8392857142857143,0.7321428571428571,0.5714285714285714,1.875,1.5083333333333329,0.02857142857142858,1.0,Spring,0.0,0.0,
20240217_1200_wagner,2024.0,2,2024-02-17,Wagner,2193.0,2507,2507.0,-314.38376921146346,314.38376921146346,14.335785189761216,2024-02-17 12:00:00,Other,0,0,421.7875492251025,0,1,2,day,Saturday,1,2.0,1,0,1.0,1.0,1.0,0.0,0,0,0.6101694915254238,2829.542857142857,2611.56722577857,367.12822299651543,54.0,56.0,110.0,7.416666666666667,5.233333333333333,1.45,8.033333333333333,8.783333333333333,1.4166666666666667,2.183333333333333,0.6,3.383333333333333,7.178571428571429,6.446428571428571,0.8571428571428571,7.178571428571429,7.517857142857143,0.8392857142857143,0.7321428571428571,0.5714285714285714,1.875,1.5083333333333329,0.02857142857142858,1.0,Spring,0.0,0.0,
20240218_1300_wagner,2024.0,3,2024-02-18,Wagner,2709.0,2463,2463.0,246.18302311459274,246.18302311459274,9.08759775247666,2024-02-18 13:00:00,Other,0,0,421.7875492251025,0,1,3,day,Sunday,1,2.0,1,0,1.0,0.0,0.0,0.0,0,0,0.6101694915254238,2829.542857142857,2611.56722577857,367.12822299651543,54.0,56.0,110.0,7.416666666666667,5.233333333333333,1.45,8.033333333333333,8.783333333333333,1.4166666666666667,2.183333333333333,0.6,3.383333333333333,7.178571428571429,6.446428571428571,0.8571428571428571,7.178571428571429,7.517857142857143,0.8392857142857143,0.7321428571428571,0.5714285714285714,1.875,1.5083333333333329,0.02857142857142858,1.0,Spring,0.0,0.0,
20240220_1600_elon,2024.0,4,2024-02-20,Elon,2018.0,1800,1800.0,217.94251757567918,217.94251757567918,10.799926539924638,2024-02-20 16:00:00,Elon,0,0,28.02167355511645,0,0,0,afternoon,Tuesday,0,2.0,1,0,2.0,0.0,0.0,0.0,1,0,0.6101694915254238,2829.542857142857,2611.56722577857,367.12822299651543,54.0,56.0,110.0,7.416666666666667,5.233333333333333,1.45,8.033333333333333,8.783333333333333,1.4166666666666667,2.183333333333333,0.6,3.383333333333333,6.472727272727273,5.236363636363636,1.290909090909091,7.981818181818181,8.618181818181819,0.9818181818181818,1.2363636363636363,0.6,2.4363636363636365,0.9469696969696964,0.0,1.0,Spring,0.0,0.0,
20240223_1700_east_carolina,2024.0,5,2024-02-23,East Carolina,3845.0,3370,3370.0,475.4716978975166,475.4716978975166,12.365973937516687,2024-02-23 17:00:00,East Carolina,0,1,96.57704437500246,0,0,0,afternoon,Friday,1,2.0,1,0,3.0,0.0,0.0,0.0,1,0,0.6101694915254238,2829.542857142857,2611.56722577857,367.12822299651543,54.0,56.0,110.0,7.416666666666667,5.233333333333333,1.45,8.033333333333333,8.783333333333333,1.4166666666666667,2.183333333333333,0.6,3.383333333333333,7.253731343283582,4.477611940298507,1.1194029850746268,7.059701492537314,9.8955223880597,1.1343283582089552,2.776119402985074,0.7014925373134329,4.17910447761194,-0.7957711442786071,-0.10149253731343288,1.0,Spring,0.0,0.0,
20240227_1600_virginia_commonwealth,2024.0,8,2024-02-27,Virginia Commonwealth,1822.0,1755,1755.0,67.01226257345934,67.01226257345934,3.6779507449758144,2024-02-27 16:00:00,Virginia Commonwealth,0,0,142.91275148812667,0,0,0,afternoon,Tuesday,0,2.0,1,0,4.0,0.0,0.0,0.0,1,0,0.6101694915254238,2829.542857142857,2611.56722577857,367.12822299651543,54.0,56.0,110.0,7.416666666666667,5.233333333333333,1.45,8.033333333333333,8.783333333333333,1.4166666666666667,2.183333333333333,0.6,3.383333333333333,7.581818181818182,7.981818181818181,0.8909090909090909,9.254545454545454,7.054545454545455,1.2181818181818185,-0.4,0.4545454545454545,0.509090909090909,2.874242424242424,0.1454545454545455,1.0,Spring,0.0,0.0,
20240228_1400_longwood,2024.0,9,2024-02-28,Longwood,1793.0,1915,1915.0,-121.72145551765584,121.72145551765584,6.788703598307631,2024-02-28 14:00:00,Other,0,0,102.1495764877588,0,0,0,afternoon,Wednesday,0,2.0,1,0,1.0,0.0,0.0,0.0,1,0,0.6101694915254238,2829.542857142857,2611.56722577857,367.12822299651543,54.0,56.0,110.0,7.416666666666667,5.233333333333333,1.45,8.033333333333333,8.783333333333333,1.4166666666666667,2.183333333333333,0.6,3.383333333333333,5.75925925925926,6.777777777777778,0.7777777777777778,7.777777777777778,7.537037037037037,0.8148148148148148,-1.0185185185185186,0.4259259259259259,-0.1666666666666667,3.5499999999999994,0.1740740740740741,1.0,Spring,0.0,0.0,
20240301_1100_princeton,2024.0,10,2024-03-01,Princeton,1809.0,2401,2401.0,-591.5024025229022,591.5024025229022,32.697755805577785,2024-03-01 11:00:00,Princeton,0,0,388.6539550948898,0,1,1,day,Friday,1,3.0,1,0,2.0,0.0,0.0,0.0,0,0,0.6101694915254238,2829.542857142857,2611.56722577857,367.12822299651543,54.0,56.0,110.0,7.416666666666667,5.233333333333333,1.45,8.033333333333333,8.783333333333333,1.4166666666666667,2.183333333333333,0.6,3.383333333333333,6.659574468085107,7.659574468085107,1.4042553191489362,8.76595744680851,6.829787234042553,0.8297872340425532,-1.0,0.5106382978723404,0.0212765957446807,3.3620567375886523,0.08936170212765959,1.0,Spring,0.0,0.0,
20240302_1200_princeton,2024.0,11,2024-03-02,Princeton,2496.0,2612,2612.0,-115.66599931370001,115.66599931370001,4.634054459683494,2024-03-02 12:00:00,Princeton,0,0,388.6539550948898,0,1,2,day,Saturday,1,3.0,1,0,1.0,1.0,1.0,0.0,0,0,0.6101694915254238,2829.542857142857,2611.56722577857,367.12822299651543,54.0,56.0,110.0,7.416666666666667,5.233333333333333,1.45,8.033333333333333,8.783333333333333,1.4166666666666667,2.183333333333333,0.6,3.383333333333333,6.659574468085107,7.659574468085107,1.4042553191489362,8.76595744680851,6.829787234042553,0.8297872340425532,-1.0,0.5106382978723404,0.0212765957446807,3.3620567375886523,0.08936170212765959,1.0,Spring,0.0,0.0,
20240303_1200_princeton,2024.0,12,2024-03-03,Princeton,2756.0,2567,2567.0,188.90079301235573,188.90079301235573,6.8541652036413545,2024-03-03 12:00:00,Princeton,0,0,388.6539550948898,0,1,3,day,Sunday,1,3.0,1,0,1.0,0.0,0.0,0.0,0,0,0.6101694915254238,2829.542857142857,2611.56722577857,367.12822299651543,54.0,56.0,110.0,7.416666666666667,5.233333333333333,1.45,8.033333333333333,8.783333333333333,1.4166666666666667,2.183333333333333,0.6,3.383333333333333,6.659574468085107,7.659574468085107,1.4042553191489362,8.76595744680851,6.829787234042553,0.8297872340425532,-1.0,0.5106382978723404,0.0212765957446807,3.3620567375886523,0.08936170212765959,1.0,Spring,0.0,0.0,
20240308_1600_pittsburgh,2024.0,14,2024-03-08,Pittsburgh,2323.0,2002,2002.0,320.8420674490542,320.8420674490542,13.81153970938675,2024-03-08 16:00:00,Pittsburgh,1,0,317.2747390558306,0,1,1,afternoon,Friday,1,3.0,1,0,5.0,0.0,0.0,0.0,1,0,0.6101694915254238,2829.542857142857,2611.56722577857,367.12822299651543,54.0,56.0,110.0,7.416666666666667,5.233333333333333,1.45,8.033333333333333,8.783333333333333,1.4166666666666667,2.183333333333333,0.6,3.383333333333333,6.4,7.672727272727273,1.3636363636363635,9.545454545454543,8.6,1.4,-1.2727272727272727,0.4363636363636363,-0.4,3.7833333333333328,0.1636363636363637,1.0,Spring,0.0,0.0,
20240309_1500_pittsburgh,2024.0,15,2024-03-09,Pittsburgh,2027.0,2163,2163.0,-136.0365889450186,136.0365889450186,6.711227870992531,2024-03-09 15:00:00,Pittsburgh,1,0,317.2747390558306,0,1,2,afternoon,Saturday,1,3.0,1,0,1.0,1.0,0.0,1.0,0,0,0.6101694915254238,2829.542857142857,2611.56722577857,367.12822299651543,54.0,56.0,110.0,7.416666666666667,5.233333333333333,1.45,8.033333333333333,8.783333333333333,1.4166666666666667,2.183333333333333,0.6,3.383333333333333,6.4,7.672727272727273,1.3636363636363635,9.545454545454543,8.6,1.4,-1.2727272727272727,0.4363636363636363,-0.4,3.7833333333333328,0.1636363636363637,1.0,Spring,0.0,0.0,
20240310_1300_pittsburgh,2024.0,16,2024-03-10,Pittsburgh,2281.0,2061,2061.0,219.777994069565,219.777994069565,9.635159757543404,2024-03-10 13:00:00,Pittsburgh,1,0,317.2747390558306,0,1,3,day,Sunday,1,3.0,1,0,1.0,0.0,0.0,0.0,0,0,0.6101694915254238,2829.542857142857,2611.56722577857,367.12822299651543,54.0,56.0,110.0,7.416666666666667,5.233333333333333,1.45,8.033333333333333,8.783333333333333,1.4166666666666667,2.183333333333333,0.6,3.383333333333333,6.4,7.672727272727273,1.3636363636363635,9.545454545454543,8.6,1.4,-1.2727272727272727,0.4363636363636363,-0.4,3.7833333333333328,0.1636363636363637,1.0,Spring,0.0,0.0,
20240312_1800_rutgers,2024.0,17,2024-03-12,Rutgers,2006.0,2288,2288.0,-282.3177696964349,282.3177696964349,14.073667482374619,2024-03-12 18:00:00,Other,0,0,403.88774773318784,0,1,1,night,Tuesday,0,3.0,1,0,2.0,0.0,0.0,0.0,0,1,0.6101694915254238,2829.542857142857,2611.56722577857,367.12822299651543,54.0,56.0,110.0,7.416666666666667,5.233333333333333,1.45,8.033333333333333,8.783333333333333,1.4166666666666667,2.183333333333333,0.6,3.383333333333333,7.214285714285714,4.982142857142857,1.1428571428571428,5.839285714285714,9.232142857142858,0.9107142857142856,2.232142857142857,0.5892857142857143,3.4107142857142856,-0.027380952380952728,0.010714285714285676,1.0,Spring,1.0,0.0,SPRING BREAK
20240313_1600_rutgers,2024.0,18,2024-03-13,Rutgers,2205.0,1994,1994.0,210.74378264716506,210.74378264716506,9.557541163136737,2024-03-13 16:00:00,Other,0,0,403.88774773318784,0,1,2,afternoon,Wednesday,0,3.0,1,0,1.0,0.0,0.0,0.0,1,0,0.6101694915254238,2829.542857142857,2611.56722577857,367.12822299651543,54.0,56.0,110.0,7.416666666666667,5.233333333333333,1.45,8.033333333333333,8.783333333333333,1.4166666666666667,2.183333333333333,0.6,3.383333333333333,7.214285714285714,4.982142857142857,1.1428571428571428,5.839285714285714,9.232142857142858,0.9107142857142856,2.232142857142857,0.5892857142857143,3.4107142857142856,-0.027380952380952728,0.010714285714285676,1.0,Spring,1.0,0.0,SPRING BREAK
20240319_1800_unc_wilmington,2024.0,22,2024-03-19,UNC Wilmington,2438.0,2192,2192.0,245.69243486914183,245.69243486914183,10.07762243105586,2024-03-19 18:00:00,UNC Wilmington,0,0,134.19227512000498,0,0,0,night,Tuesday,0,3.0,1,0,6.0,0.0,0.0,0.0,0,1,0.6101694915254238,2829.542857142857,2611.56722577857,367.12822299651543,54.0,56.0,110.0,7.416666666666667,5.233333333333333,1.45,8.033333333333333,8.783333333333333,1.4166666666666667,2.183333333333333,0.6,3.383333333333333,7.035087719298246,6.631578947368421,1.263157894736842,7.157894736842105,7.333333333333333,1.1578947368421053,0.4035087719298245,0.5964912280701754,1.5964912280701753,1.7868421052631576,0.0035087719298245723,1.0,Spring,0.0,0.0,
20240322_1130_georgia_tech,2024.0,23,2024-03-22,Georgia Tech,1915.0,2705,2705.0,-789.6138420931138,789.6138420931138,41.23309880381795,2024-03-22 11:30:00,Georgia Tech,1,1,337.07691718159055,0,1,1,day,Friday,1,3.0,1,0,3.0,0.0,0.0,0.0,0,0,0.6101694915254238,2829.542857142857,2611.56722577857,367.12822299651543,54.0,56.0,110.0,7.416666666666667,5.233333333333333,1.45,8.033333333333333,8.783333333333333,1.4166666666666667,2.183333333333333,0.6,3.383333333333333,8.280701754385966,7.56140350877193,1.5789473684210529,8.210526315789474,9.140350877192985,1.6140350877192982,0.7192982456140351,0.5263157894736842,1.7719298245614037,1.6114035087719292,0.0736842105263158,1.0,Spring,0.0,0.0,
20240323_1700_georgia_tech,2024.0,24,2024-03-23,Georgia Tech,2594.0,3059,3059.0,-465.1095489754339,465.1095489754339,17.93020620568365,2024-03-23 17:00:00,Georgia Tech,1,1,337.07691718159055,0,1,2,afternoon,Saturday,1,3.0,1,0,1.0,,,,0,0,0.6101694915254238,2829.542857142857,2611.56722577857,367.12822299651543,54.0,56.0,110.0,7.416666666666667,5.233333333333333,1.45,8.033333333333333,8.783333333333333,1.4166666666666667,2.183333333333333,0.6,3.383333333333333,8.280701754385966,7.56140350877193,1.5789473684210529,8.210526315789474,9.140350877192985,1.6140350877192982,0.7192982456140351,0.5263157894736842,1.7719298245614037,1.6114035087719292,0.0736842105263158,1.0,Spring,0.0,0.0,
20240324_1200_georgia_tech,2024.0,25,2024-03-24,Georgia Tech,2408.0,2880,2880.0,-472.1604913094229,472.1604913094229,19.60799382514215,2024-03-24 12:00:00,Georgia Tech,1,1,337.07691718159055,0,1,3,day,Sunday,1,3.0,1,0,1.0,,,,0,0,0.6101694915254238,2829.542857142857,2611.56722577857,367.12822299651543,54.0,56.0,110.0,7.416666666666667,5.233333333333333,1.45,8.033333333333333,8.783333333333333,1.4166666666666667,2.183333333333333,0.6,3.383333333333333,8.280701754385966,7.56140350877193,1.5789473684210529,8.210526315789474,9.140350877192985,1.6140350877192982,0.7192982456140351,0.5263157894736842,1.7719298245614037,1.6114035087719292,0.0736842105263158,1.0,Spring,0.0,0.0,
20240326_1800_north_carolina_a_t,2024.0,26,2024-03-26,North Carolina A&T,2630.0,2413,2413.0,217.43824754351772,217.43824754351772,8.267613975038698,2024-03-26 18:00:00,North Carolina A&T,0,0,42.31286077983115,0,0,0,night,Tuesday,0,3.0,1,0,2.0,,,,0,1,0.6101694915254238,2829.542857142857,2611.56722577857,367.12822299651543,54.0,56.0,110.0,7.416666666666667,5.233333333333333,1.45,8.033333333333333,8.783333333333333,1.4166666666666667,2.183333333333333,0.6,3.383333333333333,5.291666666666667,7.145833333333333,0.6875,7.0625,7.583333333333333,1.2083333333333333,-1.8541666666666667,0.3958333333333333,-1.0625,4.445833333333333,0.20416666666666666,1.0,Spring,0.0,0.0,
20240412_1800_notre_dame,2024.0,34,2024-04-12,Notre Dame,2523.0,2944,2944.0,-421.46751452907574,421.46751452907574,16.70501444823923,2024-04-12 18:00:00,Notre Dame,1,0,556.1705559984152,0,1,1,night,Friday,1,4.0,0,0,17.0,,,,0,0,0.6101694915254238,2829.542857142857,2611.56722577857,367.12822299651543,54.0,56.0,110.0,7.416666666666667,5.233333333333333,1.45,8.033333333333333,8.783333333333333,1.4166666666666667,2.183333333333333,0.6,3.383333333333333,5.648148148148148,5.111111111111111,1.1111111111111112,8.592592592592593,8.222222222222221,1.1666666666666667,0.5370370370370371,0.5555555555555556,1.6481481481481484,1.7351851851851845,0.0444444444444444,1.0,Spring,0.0,0.0,
20240413_1400_notre_dame,2024.0,35,2024-04-13,Notre Dame,3887.0,3008,3008.0,878.7282182949693,878.7282182949693,22.606848939927175,2024-04-13 14:00:00,Notre Dame,1,0,556.1705559984152,0,1,2,afternoon,Saturday,1,4.0,0,0,1.0,,,,0,0,0.6101694915254238,2829.542857142857,2611.56722577857,367.12822299651543,54.0,56.0,110.0,7.416666666666667,5.233333333333333,1.45,8.033333333333333,8.783333333333333,1.4166666666666667,2.183333333333333,0.6,3.383333333333333,5.648148148148148,5.111111111111111,1.1111111111111112,8.592592592592593,8.222222222222221,1.1666666666666667,0.5370370370370371,0.5555555555555556,1.6481481481481484,1.7351851851851845,0.0444444444444444,1.0,Spring,0.0,0.0,
20240414_1300_notre_dame,2024.0,36,2024-04-14,Notre Dame,3169.0,2829,2829.0,339.67727596097984,339.67727596097984,10.71875279144777,2024-04-14 13:00:00,Notre Dame,1,0,556.1705559984152,0,1,3,day,Sunday,1,4.0,0,0,1.0,,,,0,0,0.6101694915254238,2829.542857142857,2611.56722577857,367.12822299651543,54.0,56.0,110.0,7.416666666666667,5.233333333333333,1.45,8.033333333333333,8.783333333333333,1.4166666666666667,2.183333333333333,0.6,3.383333333333333,5.648148148148148,5.111111111111111,1.1111111111111112,8.592592592592593,8.222222222222221,1.1666666666666667,0.5370370370370371,0.5555555555555556,1.6481481481481484,1.7351851851851845,0.0444444444444444,1.0,Spring,0.0,0.0,
20240416_1800_coastal_carolina,2024.0,37,2024-04-16,Coastal Carolina,3268.0,2913,2913.0,354.7860079893535,354.7860079893535,10.85636499355427,2024-04-16 18:00:00,Coastal Carolina,0,0,146.56725392967837,0,0,0,night,Tuesday,0,4.0,0,0,2.0,,,,0,1,0.6101694915254238,2829.542857142857,2611.56722577857,367.12822299651543,54.0,56.0,110.0,7.416666666666667,5.233333333333333,1.45,8.033333333333333,8.783333333333333,1.4166666666666667,2.183333333333333,0.6,3.383333333333333,9.09375,6.828125,1.6875,8.265625,10.140625,1.421875,2.265625,0.65625,3.578125,-0.19479166666666714,-0.05625000000000002,1.0,Spring,0.0,0.0,
20240423_1800_gardner_webb,2024.0,41,2024-04-23,Gardner-Webb,2265.0,2522,2522.0,-256.792393580889,256.792393580889,11.337412520127549,2024-04-23 18:00:00,Gardner-Webb,0,0,154.2659220007845,0,0,0,night,Tuesday,0,4.0,0,0,7.0,,,,0,1,0.6101694915254238,2829.542857142857,2611.56722577857,367.12822299651543,54.0,56.0,110.0,7.416666666666667,5.233333333333333,1.45,8.033333333333333,8.783333333333333,1.4166666666666667,2.183333333333333,0.6,3.383333333333333,6.614035087719298,5.719298245614035,1.1754385964912282,7.491228070175438,8.0,1.0175438596491229,0.8947368421052632,0.543859649122807,1.9824561403508767,1.4008771929824562,0.056140350877192935,1.0,Spring,0.0,0.0,
20240426_1800_virginia_tech,2024.0,42,2024-04-26,Virginia Tech,3764.0,3281,3281.0,482.9257930556132,482.9257930556132,12.830122025919586,2024-04-26 18:00:00,Virginia Tech,1,0,118.31257284562153,0,1,1,night,Friday,1,4.0,0,0,3.0,,,,0,0,0.6101694915254238,2829.542857142857,2611.56722577857,367.12822299651543,54.0,56.0,110.0,7.416666666666667,5.233333333333333,1.45,8.033333333333333,8.783333333333333,1.4166666666666667,2.183333333333333,0.6,3.383333333333333,8.592592592592593,6.222222222222222,1.8148148148148149,9.037037037037036,9.648148148148149,1.0740740740740742,2.3703703703703702,0.5555555555555556,3.4814814814814814,-0.09814814814814854,0.0444444444444444,1.0,Spring,0.0,0.0,
20240427_1400_virginia_tech,2024.0,43,2024-04-27,Virginia Tech,3642.0,3220,3220.0,422.4193524016,422.4193524016,11.598554431674904,2024-04-27 14:00:00,Virginia Tech,1,0,118.31257284562153,0,1,2,afternoon,Saturday,1,4.0,0,0,1.0,,,,0,0,0.6101694915254238,2829.542857142857,2611.56722577857,367.12822299651543,54.0,56.0,110.0,7.416666666666667,5.233333333333333,1.45,8.033333333333333,8.783333333333333,1.4166666666666667,2.183333333333333,0.6,3.383333333333333,8.592592592592593,6.222222222222222,1.8148148148148149,9.037037037037036,9.648148148148149,1.0740740740740742,2.3703703703703702,0.5555555555555556,3.4814814814814814,-0.09814814814814854,0.0444444444444444,1.0,Spring,0.0,0.0,
20240428_1300_virginia_tech,2024.0,44,2024-04-28,Virginia Tech,3165.0,3041,3041.0,124.36841006761051,124.36841006761051,3.929491629308389,2024-04-28 13:00:00,Virginia Tech,1,0,118.31257284562153,0,1,3,day,Sunday,1,4.0,0,0,1.0,,,,0,0,0.6101694915254238,2829.542857142857,2611.56722577857,367.12822299651543,54.0,56.0,110.0,7.416666666666667,5.233333333333333,1.45,8.033333333333333,8.783333333333333,1.4166666666666667,2.183333333333333,0.6,3.383333333333333,8.592592592592593,6.222222222222222,1.8148148148148149,9.037037037037036,9.648148148148149,1.0740740740740742,2.3703703703703702,0.5555555555555556,3.4814814814814814,-0.09814814814814854,0.0444444444444444,1.0,Spring,0.0,0.0,
20240430_1900_charlotte,2024.0,45,2024-04-30,Charlotte,2268.0,2698,2698.0,-429.7082830574527,429.7082830574527,18.94657332704818,2024-04-30 19:00:00,Charlotte,0,0,103.22794871720183,0,0,0,night,Tuesday,0,4.0,0,0,2.0,,,,0,1,0.6101694915254238,2829.542857142857,2611.56722577857,367.12822299651543,54.0,56.0,110.0,7.416666666666667,5.233333333333333,1.45,8.033333333333333,8.783333333333333,1.4166666666666667,2.183333333333333,0.6,3.383333333333333,6.625,5.359375,1.609375,8.90625,9.671875,1.21875,1.265625,0.5625,2.390625,0.9927083333333329,0.03749999999999998,1.0,Spring,0.0,0.0,
20240501_1800_william_mary,2024.0,46,2024-05-01,William & Mary,2485.0,2354,2354.0,131.09477737430643,131.09477737430643,5.275443757517361,2024-05-01 18:00:00,Other,0,0,160.30493755402333,0,0,0,night,Wednesday,0,5.0,0,0,1.0,,,,0,1,0.6101694915254238,2829.542857142857,2611.56722577857,367.12822299651543,54.0,56.0,110.0,7.416666666666667,5.233333333333333,1.45,8.033333333333333,8.783333333333333,1.4166666666666667,2.183333333333333,0.6,3.383333333333333,6.859649122807017,4.947368421052632,0.6666666666666666,8.87719298245614,8.24561403508772,0.8596491228070176,1.912280701754386,0.5614035087719298,3.0350877192982457,0.34824561403508714,0.038596491228070184,1.0,Spring,0.0,1.0,READING DAY
20240507_1800_campbell,2024.0,47,2024-05-07,Campbell,3003.0,2553,2553.0,449.6593730852446,449.6593730852446,14.973672097410743,2024-05-07 18:00:00,Campbell,0,0,47.52570699070565,0,0,0,night,Tuesday,0,5.0,0,0,6.0,,,,0,1,0.6101694915254238,2829.542857142857,2611.56722577857,367.12822299651543,54.0,56.0,110.0,7.416666666666667,5.233333333333333,1.45,8.033333333333333,8.783333333333333,1.4166666666666667,2.183333333333333,0.6,3.383333333333333,9.62295081967213,5.475409836065574,2.0163934426229506,8.704918032786885,9.262295081967212,0.7213114754098361,4.147540983606557,0.7540983606557377,5.655737704918033,-2.2724043715846998,-0.15409836065573768,1.0,Spring,0.0,1.0,
20240510_1800_louisville,2024.0,48,2024-05-10,Louisville,2840.0,3112,3112.0,-271.9975768461809,271.9975768461809,9.57737946641482,2024-05-10 18:00:00,Louisville,1,0,402.6332015322946,0,1,1,night,Friday,1,5.0,0,0,3.0,,,,0,0,0.6101694915254238,2829.542857142857,2611.56722577857,367.12822299651543,54.0,56.0,110.0,7.416666666666667,5.233333333333333,1.45,8.033333333333333,8.783333333333333,1.4166666666666667,2.183333333333333,0.6,3.383333333333333,6.821428571428571,4.928571428571429,1.0178571428571428,7.821428571428571,9.178571428571429,1.0892857142857142,1.8928571428571428,0.5535714285714286,3.0,0.38333333333333286,0.046428571428571375,1.0,Spring,0.0,1.0,
20240511_1200_louisville,2024.0,49,2024-05-11,Louisville,2893.0,2916,2916.0,-23.121752160239794,23.121752160239794,0.7992309768489386,2024-05-11 12:00:00,Louisville,1,0,402.6332015322946,0,1,2,day,Saturday,1,5.0,0,0,1.0,,,,0,0,0.6101694915254238,2829.542857142857,2611.56722577857,367.12822299651543,54.0,56.0,110.0,7.416666666666667,5.233333333333333,1.45,8.033333333333333,8.783333333333333,1.4166666666666667,2.183333333333333,0.6,3.383333333333333,6.821428571428571,4.928571428571429,1.0178571428571428,7.821428571428571,9.178571428571429,1.0892857142857142,1.8928571428571428,0.5535714285714286,3.0,0.38333333333333286,0.046428571428571375,1.0,Spring,1.0,0.0,COMMENCEMENT
20240512_1200_louisville,2024.0,50,2024-05-12,Louisville,2616.0,2872,2872.0,-255.5549598341836,255.5549598341836,9.768920482958087,2024-05-12 12:00:00,Louisville,1,0,402.6332015322946,0,1,3,day,Sunday,1,5.0,0,0,1.0,,,,0,0,0.6101694915254238,2829.542857142857,2611.56722577857,367.12822299651543,54.0,56.0,110.0,7.416666666666667,5.233333333333333,1.45,8.033333333333333,8.783333333333333,1.4166666666666667,2.183333333333333,0.6,3.383333333333333,6.821428571428571,4.928571428571429,1.0178571428571428,7.821428571428571,9.178571428571429,1.0892857142857142,1.8928571428571428,0.5535714285714286,3.0,0.38333333333333286,0.046428571428571375,1.0,Spring,1.0,0.0,SEMESTER BREAK
20250214_1200_texas_tech,2025.0,1,2025-02-14,Texas Tech,2485.0,2873,2873.0,-387.5789572072281,387.5789572072281,15.596738720612798,2025-02-14 12:00:00,Other,0,0,1303.3038425569132,1,1,1,day,Friday,1,2.0,1,0,30.0,0.0,0.0,0.0,0,0,0.75,2834.2,2708.7191637630663,4.657142857142844,54.0,73.0,127.0,8.453125,4.796875,1.796875,8.234375,8.578125,1.078125,3.65625,0.75,5.15625,8.220338983050848,6.745762711864407,1.6610169491525424,8.305084745762711,8.525423728813559,1.4745762711864407,1.4745762711864407,0.559322033898305,2.593220338983051,2.563029661016949,0.19067796610169496,1.0,Spring,0.0,0.0,
20250214_1600_texas_tech,2025.0,2,2025-02-14,Texas Tech,2822.0,3092,3092.0,-269.92915767400564,269.92915767400564,9.56517213586129,2025-02-14 16:00:00,Other,0,0,1303.3038425569132,0,1,2,afternoon,Friday,1,2.0,1,0,0.0,0.0,0.0,0.0,1,0,0.75,2834.2,2708.7191637630663,4.657142857142844,54.0,73.0,127.0,8.453125,4.796875,1.796875,8.234375,8.578125,1.078125,3.65625,0.75,5.15625,8.220338983050848,6.745762711864407,1.6610169491525424,8.305084745762711,8.525423728813559,1.4745762711864407,1.4745762711864407,0.559322033898305,2.593220338983051,2.563029661016949,0.19067796610169496,1.0,Spring,0.0,0.0,
20250215_1200_texas_tech,2025.0,3,2025-02-15,Texas Tech,2475.0,2953,2953.0,-477.59549389170843,477.59549389170843,19.29678763198822,2025-02-15 12:00:00,Other,0,0,1303.3038425569132,0,1,3,day,Saturday,1,2.0,1,0,1.0,1.0,0.0,1.0,0,0,0.75,2834.2,2708.7191637630663,4.657142857142844,54.0,73.0,127.0,8.453125,4.796875,1.796875,8.234375,8.578125,1.078125,3.65625,0.75,5.15625,8.220338983050848,6.745762711864407,1.6610169491525424,8.305084745762711,8.525423728813559,1.4745762711864407,1.4745762711864407,0.559322033898305,2.593220338983051,2.563029661016949,0.19067796610169496,1.0,Spring,0.0,0.0,
20250218_1600_kansas_state,2025.0,4,2025-02-18,Kansas State,2326.0,2511,2511.0,-185.48740001181432,185.48740001181432,7.974522786406463,2025-02-18 16:00:00,Other,0,0,985.0305453988784,0,0,0,afternoon,Tuesday,0,2.0,1,0,3.0,0.0,0.0,0.0,1,0,0.75,2834.2,2708.7191637630663,4.657142857142844,54.0,73.0,127.0,8.453125,4.796875,1.796875,8.234375,8.578125,1.078125,3.65625,0.75,5.15625,6.459016393442623,6.295081967213115,1.1311475409836065,8.40983606557377,9.672131147540984,1.2295081967213115,0.1639344262295081,0.5737704918032787,1.3114754098360657,3.8447745901639343,0.17622950819672134,1.0,Spring,0.0,0.0,
20250223_1300_east_carolina,2025.0,6,2025-02-23,East Carolina,3914.0,4013,4013.0,-99.30326710424697,99.30326710424697,2.537129972004266,2025-02-23 13:00:00,East Carolina,0,1,96.57704437500246,0,0,0,day,Sunday,1,2.0,1,0,5.0,0.0,0.0,0.0,0,0,0.75,2834.2,2708.7191637630663,4.657142857142844,54.0,73.0,127.0,8.453125,4.796875,1.796875,8.234375,8.578125,1.078125,3.65625,0.75,5.15625,7.78125,4.578125,1.328125,5.640625,9.84375,1.03125,3.203125,0.71875,4.640625,0.515625,0.03125,1.0,Spring,0.0,0.0,
20250225_1600_virginia_commonwealth,2025.0,8,2025-02-25,Virginia Commonwealth,2628.0,2506,2506.0,121.96527747362961,121.96527747362961,4.640992293517108,2025-02-25 16:00:00,Virginia Commonwealth,0,0,142.91275148812667,0,0,0,afternoon,Tuesday,0,2.0,1,0,2.0,0.0,0.0,0.0,1,0,0.75,2834.2,2708.7191637630663,4.657142857142844,54.0,73.0,127.0,8.453125,4.796875,1.796875,8.234375,8.578125,1.078125,3.65625,0.75,5.15625,7.0,5.5,0.9838709677419356,7.903225806451613,8.064516129032258,0.7419354838709677,1.5,0.6129032258064516,2.725806451612903,2.430443548387097,0.13709677419354838,1.0,Spring,0.0,0.0,
20250226_1600_north_carolina_a_t,2025.0,9,2025-02-26,North Carolina A&T,2538.0,2573,2573.0,-34.786342360590425,34.786342360590425,1.3706202663747213,2025-02-26 16:00:00,North Carolina A&T,0,0,42.31286077983115,0,0,0,afternoon,Wednesday,0,2.0,1,0,1.0,0.0,0.0,0.0,1,0,0.75,2834.2,2708.7191637630663,4.657142857142844,54.0,73.0,127.0,8.453125,4.796875,1.796875,8.234375,8.578125,1.078125,3.65625,0.75,5.15625,6.735849056603773,7.339622641509434,0.6792452830188679,7.773584905660377,8.132075471698114,1.7358490566037736,-0.6037735849056604,0.4716981132075472,0.339622641509434,4.816627358490566,0.2783018867924528,1.0,Spring,0.0,0.0,
20250228_1600_stony_brook,2025.0,10,2025-02-28,Stony Brook,2912.0,2685,2685.0,226.67614604258142,226.67614604258142,7.784208311901835,2025-02-28 16:00:00,Stony Brook,0,0,471.4618673697349,0,1,1,afternoon,Friday,1,2.0,1,0,2.0,0.0,0.0,0.0,1,0,0.75,2834.2,2708.7191637630663,4.657142857142844,54.0,73.0,127.0,8.453125,4.796875,1.796875,8.234375,8.578125,1.078125,3.65625,0.75,5.15625,5.788461538461538,6.1923076923076925,0.5,5.326923076923077,6.288461538461538,0.8076923076923077,-0.4038461538461538,0.4615384615384615,0.5192307692307693,4.637019230769231,0.2884615384615385,1.0,Spring,0.0,0.0,
20250301_1400_stony_brook,2025.0,11,2025-03-01,Stony Brook,3828.0,2795,2795.0,1033.210660787549,1033.210660787549,26.990874106257813,2025-03-01 14:00:00,Stony Brook,0,0,471.4618673697349,0,1,2,afternoon,Saturday,1,3.0,1,0,1.0,1.0,1.0,0.0,0,0,0.75,2834.2,2708.7191637630663,4.657142857142844,54.0,73.0,127.0,8.453125,4.796875,1.796875,8.234375,8.578125,1.078125,3.65625,0.75,5.15625,5.788461538461538,6.1923076923076925,0.5,5.326923076923077,6.288461538461538,0.8076923076923077,-0.4038461538461538,0.4615384615384615,0.5192307692307693,4.637019230769231,0.2884615384615385,1.0,Spring,0.0,0.0,
20250302_1300_stony_brook,2025.0,12,2025-03-02,Stony Brook,2531.0,2535,2535.0,-3.851410559108899,3.851410559108899,0.1521695203124812,2025-03-02 13:00:00,Stony Brook,0,0,471.4618673697349,0,1,3,day,Sunday,1,3.0,1,0,1.0,0.0,0.0,0.0,0,0,0.75,2834.2,2708.7191637630663,4.657142857142844,54.0,73.0,127.0,8.453125,4.796875,1.796875,8.234375,8.578125,1.078125,3.65625,0.75,5.15625,5.788461538461538,6.1923076923076925,0.5,5.326923076923077,6.288461538461538,0.8076923076923077,-0.4038461538461538,0.4615384615384615,0.5192307692307693,4.637019230769231,0.2884615384615385,1.0,Spring,0.0,0.0,
20250304_1600_coastal_carolina,2025.0,13,2025-03-04,Coastal Carolina,2550.0,2899,2899.0,-349.34795347874297,349.34795347874297,13.69991974426443,2025-03-04 16:00:00,Coastal Carolina,0,0,146.56725392967837,0,0,0,afternoon,Tuesday,0,3.0,1,0,2.0,1.0,0.0,1.0,1,0,0.75,2834.2,2708.7191637630663,4.657142857142844,54.0,73.0,127.0,8.453125,4.796875,1.796875,8.234375,8.578125,1.078125,3.65625,0.75,5.15625,8.655737704918034,6.229508196721311,1.459016393442623,8.40983606557377,8.360655737704919,1.6557377049180328,2.4262295081967213,0.5901639344262295,3.60655737704918,1.54969262295082,0.1598360655737705,1.0,Spring,0.0,0.0,
20250307_1600_stanford,2025.0,15,2025-03-07,Stanford,3075.0,3133,3133.0,-58.18522387753819,58.18522387753819,1.8922024025215674,2025-03-07 16:00:00,Other,1,0,2370.3964745746684,0,1,1,afternoon,Friday,1,3.0,1,0,3.0,0.0,0.0,0.0,1,0,0.75,2834.2,2708.7191637630663,4.657142857142844,54.0,73.0,127.0,8.453125,4.796875,1.796875,8.234375,8.578125,1.078125,3.65625,0.75,5.15625,5.381818181818182,6.9818181818181815,1.0,7.763636363636364,9.4,1.1454545454545455,-1.6,0.4,-0.8,5.95625,0.35,1.0,Spring,0.0,0.0,
20250308_1300_stanford,2025.0,16,2025-03-08,Stanford,3393.0,3177,3177.0,216.07103273853045,216.07103273853045,6.368141253714425,2025-03-08 13:00:00,Other,1,0,2370.3964745746684,0,1,2,day,Saturday,1,3.0,1,0,1.0,1.0,1.0,0.0,0,0,0.75,2834.2,2708.7191637630663,4.657142857142844,54.0,73.0,127.0,8.453125,4.796875,1.796875,8.234375,8.578125,1.078125,3.65625,0.75,5.15625,5.381818181818182,6.9818181818181815,1.0,7.763636363636364,9.4,1.1454545454545455,-1.6,0.4,-0.8,5.95625,0.35,1.0,Spring,0.0,0.0,
20250309_1300_stanford,2025.0,17,2025-03-09,Stanford,2906.0,3126,3126.0,-219.78251779955508,219.78251779955508,7.563059800397628,2025-03-09 13:00:00,Other,1,0,2370.3964745746684,0,1,3,day,Sunday,1,3.0,1,0,1.0,0.0,0.0,0.0,0,0,0.75,2834.2,2708.7191637630663,4.657142857142844,54.0,73.0,127.0,8.453125,4.796875,1.796875,8.234375,8.578125,1.078125,3.65625,0.75,5.15625,5.381818181818182,6.9818181818181815,1.0,7.763636363636364,9.4,1.1454545454545455,-1.6,0.4,-0.8,5.95625,0.35,1.0,Spring,0.0,0.0,
20250319_1600_connecticut,2025.0,22,2025-03-19,Connecticut,3375.0,2547,2547.0,827.6026271255905,827.6026271255905,24.52155932223972,2025-03-19 16:00:00,Other,0,0,547.2471697397605,0,0,0,afternoon,Wednesday,0,3.0,1,0,10.0,0.0,0.0,0.0,1,0,0.75,2834.2,2708.7191637630663,4.657142857142844,54.0,73.0,127.0,8.453125,4.796875,1.796875,8.234375,8.578125,1.078125,3.65625,0.75,5.15625,6.426229508196721,5.60655737704918,1.4262295081967211,7.655737704918033,8.868852459016393,1.3770491803278688,0.819672131147541,0.5737704918032787,1.9672131147540983,3.1890368852459017,0.17622950819672134,1.0,Spring,0.0,0.0,
20250328_1800_miami,2025.0,27,2025-03-28,Miami,3412.0,3428,3428.0,-15.982657745410506,15.982657745410506,0.46842490461343805,2025-03-28 18:00:00,Miami,1,0,707.9608864912377,0,1,1,night,Friday,1,3.0,1,0,9.0,0.0,0.0,0.0,0,0,0.75,2834.2,2708.7191637630663,4.657142857142844,54.0,73.0,127.0,8.453125,4.796875,1.796875,8.234375,8.578125,1.078125,3.65625,0.75,5.15625,6.666666666666667,6.368421052631579,1.4736842105263157,8.473684210526315,8.982456140350877,1.280701754385965,0.2982456140350877,0.4736842105263157,1.2456140350877192,3.910635964912281,0.2763157894736843,1.0,Spring,0.0,0.0,
20250329_1400_miami,2025.0,28,2025-03-29,Miami,4002.0,3541,3541.0,461.0187544300479,461.0187544300479,11.519709006248075,2025-03-29 14:00:00,Miami,1,0,707.9608864912377,0,1,2,afternoon,Saturday,1,3.0,1,0,1.0,0.0,0.0,0.0,0,0,0.75,2834.2,2708.7191637630663,4.657142857142844,54.0,73.0,127.0,8.453125,4.796875,1.796875,8.234375,8.578125,1.078125,3.65625,0.75,5.15625,6.666666666666667,6.368421052631579,1.4736842105263157,8.473684210526315,8.982456140350877,1.280701754385965,0.2982456140350877,0.4736842105263157,1.2456140350877192,3.910635964912281,0.2763157894736843,1.0,Spring,0.0,0.0,
20250330_1200_miami,2025.0,29,2025-03-30,Miami,3048.0,3281,3281.0,-233.0433169166099,233.0433169166099,7.645778114062004,2025-03-30 12:00:00,Miami,1,0,707.9608864912377,0,1,3,day,Sunday,1,3.0,1,0,1.0,0.0,0.0,0.0,0,0,0.75,2834.2,2708.7191637630663,4.657142857142844,54.0,73.0,127.0,8.453125,4.796875,1.796875,8.234375,8.578125,1.078125,3.65625,0.75,5.15625,6.666666666666667,6.368421052631579,1.4736842105263157,8.473684210526315,8.982456140350877,1.280701754385965,0.2982456140350877,0.4736842105263157,1.2456140350877192,3.910635964912281,0.2763157894736843,1.0,Spring,0.0,0.0,
20250401_1800_gardner_webb,2025.0,30,2025-04-01,Gardner-Webb,2650.0,2897,2897.0,-247.2416144060394,247.2416144060394,9.329872241737336,2025-04-01 18:00:00,Gardner-Webb,0,0,154.2659220007845,0,0,0,night,Tuesday,0,4.0,0,0,2.0,0.0,0.0,0.0,0,1,0.75,2834.2,2708.7191637630663,4.657142857142844,54.0,73.0,127.0,8.453125,4.796875,1.796875,8.234375,8.578125,1.078125,3.65625,0.75,5.15625,5.132075471698113,6.660377358490566,1.0377358490566038,9.169811320754716,8.320754716981131,0.7735849056603774,-1.528301886792453,0.4150943396226415,-0.6981132075471699,5.85436320754717,0.3349056603773585,1.0,Spring,0.0,0.0,
20250403_1900_duke,2025.0,31,2025-04-03,Duke,4045.0,3871,3871.0,173.85335430019222,173.85335430019222,4.297981564899684,2025-04-03 19:00:00,Duke,1,1,8.929448381307317,0,1,1,night,Thursday,0,4.0,0,0,2.0,0.0,0.0,0.0,0,1,0.75,2834.2,2708.7191637630663,4.657142857142844,54.0,73.0,127.0,8.453125,4.796875,1.796875,8.234375,8.578125,1.078125,3.65625,0.75,5.15625,8.21311475409836,4.786885245901639,1.8852459016393444,8.80327868852459,10.0327868852459,0.9836065573770492,3.4262295081967213,0.6557377049180327,4.737704918032787,0.4185450819672134,0.09426229508196726,1.0,Spring,0.0,0.0,
20250404_1800_duke,2025.0,32,2025-04-04,Duke,3667.0,4399,4399.0,-732.044553105633,732.044553105633,19.963036626823914,2025-04-04 18:00:00,Duke,1,1,8.929448381307317,0,1,2,night,Friday,1,4.0,0,0,1.0,0.0,0.0,0.0,0,0,0.75,2834.2,2708.7191637630663,4.657142857142844,54.0,73.0,127.0,8.453125,4.796875,1.796875,8.234375,8.578125,1.078125,3.65625,0.75,5.15625,8.21311475409836,4.786885245901639,1.8852459016393444,8.80327868852459,10.0327868852459,0.9836065573770492,3.4262295081967213,0.6557377049180327,4.737704918032787,0.4185450819672134,0.09426229508196726,1.0,Spring,0.0,0.0,
20250405_1400_duke,2025.0,33,2025-04-05,Duke,4044.0,4380,4380.0,-336.0153826214373,336.0153826214373,8.30898572258747,2025-04-05 14:00:00,Duke,1,1,8.929448381307317,0,1,3,afternoon,Saturday,1,4.0,0,0,1.0,0.0,0.0,0.0,0,0,0.75,2834.2,2708.7191637630663,4.657142857142844,54.0,73.0,127.0,8.453125,4.796875,1.796875,8.234375,8.578125,1.078125,3.65625,0.75,5.15625,8.21311475409836,4.786885245901639,1.8852459016393444,8.80327868852459,10.0327868852459,0.9836065573770492,3.4262295081967213,0.6557377049180327,4.737704918032787,0.4185450819672134,0.09426229508196726,1.0,Spring,0.0,0.0,
20250411_1800_wake_forest,2025.0,35,2025-04-11,Wake Forest,3032.0,3394,3394.0,-362.042529332894,362.042529332894,11.940716666652177,2025-04-11 18:00:00,Wake Forest,1,1,70.00484351123771,0,1,1,night,Friday,1,4.0,0,0,6.0,0.0,0.0,0.0,0,0,0.75,2834.2,2708.7191637630663,4.657142857142844,54.0,73.0,127.0,8.453125,4.796875,1.796875,8.234375,8.578125,1.078125,3.65625,0.75,5.15625,8.116666666666667,5.716666666666667,1.8833333333333333,8.716666666666667,11.5,1.35,2.4,0.6333333333333333,3.6666666666666665,1.4895833333333335,0.1166666666666667,1.0,Spring,0.0,0.0,
20250412_1300_wake_forest,2025.0,36,2025-04-12,Wake Forest,4005.0,3249,3249.0,756.2607713997686,756.2607713997686,18.88291564044366,2025-04-12 13:00:00,Wake Forest,1,1,70.00484351123771,0,1,2,day,Saturday,1,4.0,0,0,1.0,0.0,0.0,0.0,0,0,0.75,2834.2,2708.7191637630663,4.657142857142844,54.0,73.0,127.0,8.453125,4.796875,1.796875,8.234375,8.578125,1.078125,3.65625,0.75,5.15625,8.116666666666667,5.716666666666667,1.8833333333333333,8.716666666666667,11.5,1.35,2.4,0.6333333333333333,3.6666666666666665,1.4895833333333335,0.1166666666666667,1.0,Spring,0.0,0.0,
20250413_1300_wake_forest,2025.0,37,2025-04-13,Wake Forest,2962.0,3198,3198.0,-235.59277913831738,235.59277913831738,7.953841294338872,2025-04-13 13:00:00,Wake Forest,1,1,70.00484351123771,0,1,3,day,Sunday,1,4.0,0,0,1.0,0.0,0.0,0.0,0,0,0.75,2834.2,2708.7191637630663,4.657142857142844,54.0,73.0,127.0,8.453125,4.796875,1.796875,8.234375,8.578125,1.078125,3.65625,0.75,5.15625,8.116666666666667,5.716666666666667,1.8833333333333333,8.716666666666667,11.5,1.35,2.4,0.6333333333333333,3.6666666666666665,1.4895833333333335,0.1166666666666667,1.0,Spring,0.0,0.0,
20250415_1800_charlotte,2025.0,38,2025-04-15,Charlotte,4114.0,2938,2938.0,1176.1651012767456,1176.1651012767456,28.58933158183631,2025-04-15 18:00:00,Charlotte,0,0,103.22794871720183,0,0,0,night,Tuesday,0,4.0,0,0,2.0,0.0,0.0,0.0,0,1,0.75,2834.2,2708.7191637630663,4.657142857142844,54.0,73.0,127.0,8.453125,4.796875,1.796875,8.234375,8.578125,1.078125,3.65625,0.75,5.15625,5.982758620689655,6.982758620689655,1.1206896551724137,8.810344827586206,9.862068965517242,1.4482758620689655,-1.0,0.4137931034482758,-0.1724137931034483,5.328663793103448,0.3362068965517242,1.0,Spring,0.0,0.0,
20250429_1600_george_mason,2025.0,46,2025-04-29,George Mason,2434.0,2782,2782.0,-347.84010120014955,347.84010120014955,14.290883368946162,2025-04-29 16:00:00,Other,0,0,223.31304027930992,0,0,0,afternoon,Tuesday,0,4.0,0,0,14.0,0.0,0.0,0.0,1,0,0.75,2834.2,2708.7191637630663,4.657142857142844,54.0,73.0,127.0,8.453125,4.796875,1.796875,8.234375,8.578125,1.078125,3.65625,0.75,5.15625,6.555555555555555,7.722222222222222,0.925925925925926,6.222222222222222,7.74074074074074,1.2777777777777777,-1.1666666666666667,0.3888888888888889,-0.3888888888888889,5.545138888888889,0.3611111111111111,1.0,Spring,0.0,0.0,
20250430_1800_queens,2025.0,47,2025-04-30,Queens,2717.0,3081,3081.0,-364.4181011352521,364.4181011352521,13.412517524300776,2025-04-30 18:00:00,Other,0,0,103.21767923084887,0,0,0,night,Wednesday,0,4.0,0,0,1.0,0.0,0.0,0.0,0,1,0.75,2834.2,2708.7191637630663,4.657142857142844,54.0,73.0,127.0,8.453125,4.796875,1.796875,8.234375,8.578125,1.078125,3.65625,0.75,5.15625,6.454545454545454,9.345454545454546,1.6181818181818182,9.654545454545454,6.545454545454546,1.490909090909091,-2.890909090909091,0.2545454545454545,-2.381818181818182,7.538068181818182,0.4954545454545455,1.0,Spring,0.0,1.0,READING DAY
20250506_1800_campbell,2025.0,48,2025-05-06,Campbell,2884.0,3261,3261.0,-376.75646217480653,376.75646217480653,13.063677606616036,2025-05-06 18:00:00,Campbell,0,0,47.52570699070565,0,0,0,night,Tuesday,0,5.0,0,0,6.0,0.0,0.0,0.0,0,1,0.75,2834.2,2708.7191637630663,4.657142857142844,54.0,73.0,127.0,8.453125,4.796875,1.796875,8.234375,8.578125,1.078125,3.65625,0.75,5.15625,8.679245283018869,7.622641509433962,2.1132075471698117,8.79245283018868,8.716981132075471,0.9056603773584906,1.0566037735849056,0.5849056603773585,2.2264150943396226,2.9298349056603774,0.16509433962264153,1.0,Spring,0.0,1.0,
20250508_1800_nc_state,2025.0,49,2025-05-08,NC State,3729.0,3833,3833.0,-104.21859300319602,104.21859300319602,2.7948134353230363,2025-05-08 18:00:00,NC State,1,1,21.74482629705425,0,1,1,night,Thursday,0,5.0,0,0,2.0,0.0,0.0,0.0,0,1,0.75,2834.2,2708.7191637630663,4.657142857142844,54.0,73.0,127.0,8.453125,4.796875,1.796875,8.234375,8.578125,1.078125,3.65625,0.75,5.15625,7.483870967741935,6.17741935483871,1.6290322580645162,6.467741935483871,8.596774193548388,1.6290322580645162,1.3064516129032258,0.6129032258064516,2.532258064516129,2.623991935483871,0.13709677419354838,1.0,Spring,0.0,1.0,
20250509_1800_nc_state,2025.0,50,2025-05-09,NC State,4152.0,4361,4361.0,-209.11650040902168,209.11650040902168,5.036524576325185,2025-05-09 18:00:00,NC State,1,1,21.74482629705425,0,1,2,night,Friday,1,5.0,0,0,1.0,0.0,0.0,0.0,0,0,0.75,2834.2,2708.7191637630663,4.657142857142844,54.0,73.0,127.0,8.453125,4.796875,1.796875,8.234375,8.578125,1.078125,3.65625,0.75,5.15625,7.483870967741935,6.17741935483871,1.6290322580645162,6.467741935483871,8.596774193548388,1.6290322580645162,1.3064516129032258,0.6129032258064516,2.532258064516129,2.623991935483871,0.13709677419354838,1.0,Spring,0.0,1.0,
20260213_1600_indiana,2026.0,1,2026-02-13,Indiana,3168.0,2878,2878.0,290.2948331453217,290.2948331453217,9.163347005849802,2026-02-13 16:00:00,Other,0,0,466.71754931673905,1,1,1,afternoon,Friday,1,2.0,1,0,30.0,0.0,0.0,0.0,1,0,0.7540983606557377,3334.0526315789475,2999.265162907268,499.8526315789477,66.0,79.0,145.0,7.852459016393443,4.032786885245901,1.4262295081967211,7.901639344262295,8.868852459016393,0.9016393442622952,3.819672131147541,0.7540983606557377,5.327868852459016,8.196428571428571,5.928571428571429,1.6071428571428572,7.160714285714286,8.196428571428571,1.1428571428571428,2.267857142857143,0.5714285714285714,3.4107142857142856,1.9171545667447303,0.18266978922716626,1.0,Spring,0.0,0.0,
20260214_1200_indiana,2026.0,2,2026-02-14,Indiana,3065.0,2915,2915.0,149.6482075222848,149.6482075222848,4.882486379193631,2026-02-14 12:00:00,Other,0,0,466.71754931673905,0,1,2,day,Saturday,1,2.0,1,0,1.0,1.0,1.0,0.0,0,0,0.7540983606557377,3334.0526315789475,2999.265162907268,499.8526315789477,66.0,79.0,145.0,7.852459016393443,4.032786885245901,1.4262295081967211,7.901639344262295,8.868852459016393,0.9016393442622952,3.819672131147541,0.7540983606557377,5.327868852459016,8.196428571428571,5.928571428571429,1.6071428571428572,7.160714285714286,8.196428571428571,1.1428571428571428,2.267857142857143,0.5714285714285714,3.4107142857142856,1.9171545667447303,0.18266978922716626,1.0,Spring,0.0,0.0,
20260214_1542_indiana,2026.0,3,2026-02-14,Indiana,2928.0,3216,3216.0,-288.25154079241383,288.25154079241383,9.844656447828342,2026-02-14 15:42:00,Other,0,0,466.71754931673905,0,1,3,afternoon,Saturday,1,2.0,1,0,0.0,1.0,1.0,0.0,0,0,0.7540983606557377,3334.0526315789475,2999.265162907268,499.8526315789477,66.0,79.0,145.0,7.852459016393443,4.032786885245901,1.4262295081967211,7.901639344262295,8.868852459016393,0.9016393442622952,3.819672131147541,0.7540983606557377,5.327868852459016,8.196428571428571,5.928571428571429,1.6071428571428572,7.160714285714286,8.196428571428571,1.1428571428571428,2.267857142857143,0.5714285714285714,3.4107142857142856,1.9171545667447303,0.18266978922716626,1.0,Spring,0.0,0.0,
20260217_1600_richmond,2026.0,4,2026-02-17,Richmond,2646.0,2162,2162.0,484.0086674840986,484.0086674840986,18.292088718219905,2026-02-17 16:00:00,Other,0,0,141.8169871916085,0,0,0,afternoon,Tuesday,0,2.0,1,0,3.0,1.0,0.0,1.0,1,0,0.7540983606557377,3334.0526315789475,2999.265162907268,499.8526315789477,66.0,79.0,145.0,7.852459016393443,4.032786885245901,1.4262295081967211,7.901639344262295,8.868852459016393,0.9016393442622952,3.819672131147541,0.7540983606557377,5.327868852459016,8.415094339622641,5.962264150943396,1.471698113207547,6.773584905660377,6.811320754716981,1.2075471698113207,2.452830188679245,0.6226415094339622,3.69811320754717,1.629755644911846,0.13145685122177542,1.0,Spring,0.0,0.0,
20260218_1600_longwood,2026.0,5,2026-02-18,Longwood,2548.0,2256,2256.0,292.0723033558452,292.0723033558452,11.46280625415405,2026-02-18 16:00:00,Other,0,0,102.1495764877588,0,0,0,afternoon,Wednesday,0,2.0,1,0,1.0,0.0,0.0,0.0,1,0,0.7540983606557377,3334.0526315789475,2999.265162907268,499.8526315789477,66.0,79.0,145.0,7.852459016393443,4.032786885245901,1.4262295081967211,7.901639344262295,8.868852459016393,0.9016393442622952,3.819672131147541,0.7540983606557377,5.327868852459016,6.423076923076923,10.596153846153848,0.75,9.48076923076923,7.3076923076923075,1.4615384615384617,-4.173076923076923,0.2692307692307692,-3.634615384615385,8.962484237074401,0.48486759142496844,1.0,Spring,0.0,0.0,
20260222_1300_east_carolina,2026.0,8,2026-02-22,East Carolina,3200.0,3869,3869.0,-668.5143467916805,668.5143467916805,20.891073337240016,2026-02-22 13:00:00,East Carolina,0,1,96.57704437500246,0,0,0,day,Sunday,1,2.0,1,0,4.0,0.0,0.0,0.0,0,0,0.7540983606557377,3334.0526315789475,2999.265162907268,499.8526315789477,66.0,79.0,145.0,7.852459016393443,4.032786885245901,1.4262295081967211,7.901639344262295,8.868852459016393,0.9016393442622952,3.819672131147541,0.7540983606557377,5.327868852459016,6.32258064516129,5.354838709677419,1.1774193548387095,7.661290322580645,9.016129032258064,1.0483870967741935,0.967741935483871,0.5645161290322581,2.096774193548387,3.231094658910629,0.18958223162347954,1.0,Spring,0.0,0.0,
20260224_1500_north_carolina_a_t,2026.0,9,2026-02-24,North Carolina A&T,2284.0,2509,2509.0,-225.05415886528408,225.05415886528408,9.853509582543085,2026-02-24 15:00:00,North Carolina A&T,0,0,42.31286077983115,0,0,0,afternoon,Tuesday,0,2.0,1,0,2.0,0.0,0.0,0.0,1,0,0.7540983606557377,3334.0526315789475,2999.265162907268,499.8526315789477,66.0,79.0,145.0,7.852459016393443,4.032786885245901,1.4262295081967211,7.901639344262295,8.868852459016393,0.9016393442622952,3.819672131147541,0.7540983606557377,5.327868852459016,5.634615384615385,9.096153846153848,0.9230769230769232,8.576923076923077,6.826923076923077,1.3269230769230769,-3.4615384615384617,0.2884615384615384,-2.884615384615385,8.212484237074401,0.4656368221941993,1.0,Spring,0.0,0.0,
20260225_1600_virginia_commonwealth,2026.0,10,2026-02-25,Virginia Commonwealth,2438.0,2277,2277.0,161.17431095930533,161.17431095930533,6.610923337133115,2026-02-25 16:00:00,Virginia Commonwealth,0,0,142.91275148812667,0,0,0,afternoon,Wednesday,0,2.0,1,0,1.0,0.0,0.0,0.0,1,0,0.7540983606557377,3334.0526315789475,2999.265162907268,499.8526315789477,66.0,79.0,145.0,7.852459016393443,4.032786885245901,1.4262295081967211,7.901639344262295,8.868852459016393,0.9016393442622952,3.819672131147541,0.7540983606557377,5.327868852459016,5.927272727272728,7.581818181818182,1.0363636363636364,6.836363636363636,7.545454545454546,1.1272727272727272,-1.6545454545454543,0.3090909090909091,-1.0363636363636364,6.364232488822652,0.44500745156482857,1.0,Spring,0.0,0.0,
20260227_1600_le_moyne,2026.0,11,2026-02-27,Le Moyne,2396.0,3064,3064.0,-668.3393025205714,668.3393025205714,27.89396087314572,2026-02-27 16:00:00,Other,0,0,517.96787307916,0,1,1,afternoon,Friday,1,2.0,1,0,2.0,0.0,0.0,0.0,1,0,0.7540983606557377,3334.0526315789475,2999.265162907268,499.8526315789477,66.0,79.0,145.0,7.852459016393443,4.032786885245901,1.4262295081967211,7.901639344262295,8.868852459016393,0.9016393442622952,3.819672131147541,0.7540983606557377,5.327868852459016,6.854166666666667,6.791666666666667,0.8333333333333334,9.0,6.916666666666667,1.1041666666666667,0.0625,0.4166666666666667,0.8958333333333334,4.432035519125683,0.33743169398907097,1.0,Spring,0.0,0.0,
20260228_1400_le_moyne,2026.0,12,2026-02-28,Le Moyne,3494.0,3352,3352.0,142.35461449751756,142.35461449751756,4.074259144176232,2026-02-28 14:00:00,Other,0,0,517.96787307916,0,1,2,afternoon,Saturday,1,2.0,1,0,1.0,1.0,1.0,0.0,0,0,0.7540983606557377,3334.0526315789475,2999.265162907268,499.8526315789477,66.0,79.0,145.0,7.852459016393443,4.032786885245901,1.4262295081967211,7.901639344262295,8.868852459016393,0.9016393442622952,3.819672131147541,0.7540983606557377,5.327868852459016,6.854166666666667,6.791666666666667,0.8333333333333334,9.0,6.916666666666667,1.1041666666666667,0.0625,0.4166666666666667,0.8958333333333334,4.432035519125683,0.33743169398907097,1.0,Spring,0.0,0.0,
20260301_1300_le_moyne,2026.0,13,2026-03-01,Le Moyne,3233.0,2898,2898.0,335.4586949769423,335.4586949769423,10.376080883914081,2026-03-01 13:00:00,Other,0,0,517.96787307916,0,1,3,day,Sunday,1,3.0,1,0,1.0,0.0,0.0,0.0,0,0,0.7540983606557377,3334.0526315789475,2999.265162907268,499.8526315789477,66.0,79.0,145.0,7.852459016393443,4.032786885245901,1.4262295081967211,7.901639344262295,8.868852459016393,0.9016393442622952,3.819672131147541,0.7540983606557377,5.327868852459016,6.854166666666667,6.791666666666667,0.8333333333333334,9.0,6.916666666666667,1.1041666666666667,0.0625,0.4166666666666667,0.8958333333333334,4.432035519125683,0.33743169398907097,1.0,Spring,0.0,0.0,
20260303_1500_elon,2026.0,14,2026-03-03,Elon,2396.0,2462,2462.0,-66.38797235798575,66.38797235798575,2.7707834873950645,2026-03-03 15:00:00,Elon,0,0,28.02167355511645,0,0,0,afternoon,Tuesday,0,3.0,1,0,2.0,1.0,1.0,0.0,1,0,0.7540983606557377,3334.0526315789475,2999.265162907268,499.8526315789477,66.0,79.0,145.0,7.852459016393443,4.032786885245901,1.4262295081967211,7.901639344262295,8.868852459016393,0.9016393442622952,3.819672131147541,0.7540983606557377,5.327868852459016,6.666666666666667,7.385964912280702,0.6842105263157895,7.350877192982456,7.0,0.9649122807017544,-0.7192982456140351,0.4385964912280701,0.1578947368421052,5.169974115616911,0.31550186942766756,1.0,Spring,0.0,0.0,
20260306_1600_virginia,2026.0,15,2026-03-06,Virginia,3848.0,3091,3091.0,757.4526852806521,757.4526852806521,19.68432134305229,2026-03-06 16:00:00,Virginia,1,0,149.348256794612,0,1,1,afternoon,Friday,1,3.0,1,0,3.0,0.0,0.0,0.0,1,0,0.7540983606557377,3334.0526315789475,2999.265162907268,499.8526315789477,66.0,79.0,145.0,7.852459016393443,4.032786885245901,1.4262295081967211,7.901639344262295,8.868852459016393,0.9016393442622952,3.819672131147541,0.7540983606557377,5.327868852459016,7.98,5.68,1.38,6.16,9.4,0.78,2.3,0.64,3.58,1.7478688524590158,0.11409836065573764,1.0,Spring,0.0,0.0,
20260307_1300_virginia,2026.0,16,2026-03-07,Virginia,3504.0,2891,2891.0,612.6440191972306,612.6440191972306,17.484132967957493,2026-03-07 13:00:00,Virginia,1,0,149.348256794612,0,1,2,day,Saturday,1,3.0,1,0,1.0,1.0,0.0,1.0,0,0,0.7540983606557377,3334.0526315789475,2999.265162907268,499.8526315789477,66.0,79.0,145.0,7.852459016393443,4.032786885245901,1.4262295081967211,7.901639344262295,8.868852459016393,0.9016393442622952,3.819672131147541,0.7540983606557377,5.327868852459016,7.98,5.68,1.38,6.16,9.4,0.78,2.3,0.64,3.58,1.7478688524590158,0.11409836065573764,1.0,Spring,0.0,0.0,
20260307_1646_virginia,2026.0,17,2026-03-07,Virginia,2283.0,3192,3192.0,-909.255729117468,909.255729117468,39.82723298806255,2026-03-07 16:46:00,Virginia,1,0,149.348256794612,0,1,3,afternoon,Saturday,1,3.0,1,0,0.0,1.0,0.0,1.0,0,0,0.7540983606557377,3334.0526315789475,2999.265162907268,499.8526315789477,66.0,79.0,145.0,7.852459016393443,4.032786885245901,1.4262295081967211,7.901639344262295,8.868852459016393,0.9016393442622952,3.819672131147541,0.7540983606557377,5.327868852459016,7.98,5.68,1.38,6.16,9.4,0.78,2.3,0.64,3.58,1.7478688524590158,0.11409836065573764,1.0,Spring,0.0,0.0,
20260310_1500_bucknell,2026.0,18,2026-03-10,Bucknell,2466.0,2574,2574.0,-107.83830530168234,107.83830530168234,4.373005081171223,2026-03-10 15:00:00,Other,0,0,367.4037894347642,0,0,0,afternoon,Tuesday,0,3.0,1,0,3.0,0.0,0.0,0.0,1,0,0.7540983606557377,3334.0526315789475,2999.265162907268,499.8526315789477,66.0,79.0,145.0,7.852459016393443,4.032786885245901,1.4262295081967211,7.901639344262295,8.868852459016393,0.9016393442622952,3.819672131147541,0.7540983606557377,5.327868852459016,5.434782608695652,7.434782608695652,0.4565217391304347,8.978260869565217,6.869565217391305,0.8043478260869565,-2.0,0.391304347826087,-1.2173913043478262,6.545260156806842,0.3627940128296507,1.0,Spring,0.0,0.0,
20260318_1500_unc_greensboro,2026.0,22,2026-03-18,UNC Greensboro,2526.0,2553,2553.0,-27.230762676956147,27.230762676956147,1.0780191083513915,2026-03-18 15:00:00,UNC Greensboro,0,0,43.93017338876137,0,0,0,afternoon,Wednesday,0,3.0,1,0,8.0,0.0,0.0,0.0,1,0,0.7540983606557377,3334.0526315789475,2999.265162907268,499.8526315789477,66.0,79.0,145.0,7.852459016393443,4.032786885245901,1.4262295081967211,7.901639344262295,8.868852459016393,0.9016393442622952,3.819672131147541,0.7540983606557377,5.327868852459016,5.111111111111111,6.666666666666667,0.8333333333333334,9.907407407407408,8.75925925925926,0.9814814814814816,-1.5555555555555556,0.3888888888888889,-0.7777777777777778,6.1056466302367935,0.36520947176684876,1.0,Spring,1.0,0.0,SPRING BREAK
20260320_2000_louisville,2026.0,23,2026-03-20,Louisville,2699.0,3362,3362.0,-662.788607153479,662.788607153479,24.55682130987325,2026-03-20 20:00:00,Louisville,1,0,402.6332015322946,0,1,1,night,Friday,1,3.0,1,0,2.0,0.0,0.0,0.0,0,0,0.7540983606557377,3334.0526315789475,2999.265162907268,499.8526315789477,66.0,79.0,145.0,7.852459016393443,4.032786885245901,1.4262295081967211,7.901639344262295,8.868852459016393,0.9016393442622952,3.819672131147541,0.7540983606557377,5.327868852459016,7.641791044776119,5.82089552238806,1.2686567164179106,6.1940298507462686,8.701492537313433,1.164179104477612,1.82089552238806,0.6268656716417911,3.074626865671642,2.253241986787374,0.12723268901394658,1.0,Spring,1.0,0.0,SPRING BREAK
20260321_1400_louisville,2026.0,24,2026-03-21,Louisville,3376.0,3477,3477.0,-100.7798811473167,100.7798811473167,2.9851860529418452,2026-03-21 14:00:00,Louisville,1,0,402.6332015322946,0,1,2,afternoon,Saturday,1,3.0,1,0,1.0,0.0,0.0,0.0,0,0,0.7540983606557377,3334.0526315789475,2999.265162907268,499.8526315789477,66.0,79.0,145.0,7.852459016393443,4.032786885245901,1.4262295081967211,7.901639344262295,8.868852459016393,0.9016393442622952,3.819672131147541,0.7540983606557377,5.327868852459016,7.641791044776119,5.82089552238806,1.2686567164179106,6.1940298507462686,8.701492537313433,1.164179104477612,1.82089552238806,0.6268656716417911,3.074626865671642,2.253241986787374,0.12723268901394658,1.0,Spring,1.0,0.0,SPRING BREAK
20260322_1300_louisville,2026.0,25,2026-03-22,Louisville,3231.0,3139,3139.0,92.15479032338772,92.15479032338772,2.8522064476443116,2026-03-22 13:00:00,Louisville,1,0,402.6332015322946,0,1,3,day,Sunday,1,3.0,1,0,1.0,0.0,0.0,0.0,0,0,0.7540983606557377,3334.0526315789475,2999.265162907268,499.8526315789477,66.0,79.0,145.0,7.852459016393443,4.032786885245901,1.4262295081967211,7.901639344262295,8.868852459016393,0.9016393442622952,3.819672131147541,0.7540983606557377,5.327868852459016,7.641791044776119,5.82089552238806,1.2686567164179106,6.1940298507462686,8.701492537313433,1.164179104477612,1.82089552238806,0.6268656716417911,3.074626865671642,2.253241986787374,0.12723268901394658,1.0,Spring,1.0,0.0,SPRING BREAK
20260331_2000_campbell,2026.0,30,2026-03-31,Campbell,,3044,3044.0,,,,2026-03-31 20:00:00,Campbell,0,0,47.52570699070565,0,0,0,night,Tuesday,0,3.0,1,0,9.0,0.0,0.0,0.0,0,1,0.7540983606557377,3334.0526315789475,2999.265162907268,499.8526315789477,66.0,79.0,145.0,7.852459016393443,4.032786885245901,1.4262295081967211,7.901639344262295,8.868852459016393,0.9016393442622952,3.819672131147541,0.7540983606557377,5.327868852459016,6.964285714285714,6.660714285714286,1.625,9.017857142857142,8.892857142857142,0.9285714285714286,0.3035714285714285,0.4464285714285714,1.1964285714285714,4.131440281030445,0.30766978922716626,1.0,Spring,0.0,0.0,
20260402_1800_boston_college,2026.0,31,2026-04-02,Boston College,,3081,3081.0,,,,2026-04-02 18:00:00,Boston College,1,0,612.3496255030115,0,1,1,night,Thursday,0,4.0,0,0,2.0,0.0,0.0,0.0,0,1,0.7540983606557377,3334.0526315789475,2999.265162907268,499.8526315789477,66.0,79.0,145.0,7.852459016393443,4.032786885245901,1.4262295081967211,7.901639344262295,8.868852459016393,0.9016393442622952,3.819672131147541,0.7540983606557377,5.327868852459016,6.068965517241379,6.379310344827586,0.6724137931034483,7.241379310344827,7.379310344827586,0.913793103448276,-0.3103448275862069,0.4827586206896552,0.6551724137931034,4.672696438665913,0.27133973996608246,1.0,Spring,1.0,0.0,WELLNESS DAY
20260403_1700_boston_college,2026.0,32,2026-04-03,Boston College,,3297,3297.0,,,,2026-04-03 17:00:00,Boston College,1,0,612.3496255030115,0,1,2,afternoon,Friday,1,4.0,0,0,1.0,0.0,0.0,0.0,1,0,0.7540983606557377,3334.0526315789475,2999.265162907268,499.8526315789477,66.0,79.0,145.0,7.852459016393443,4.032786885245901,1.4262295081967211,7.901639344262295,8.868852459016393,0.9016393442622952,3.819672131147541,0.7540983606557377,5.327868852459016,6.068965517241379,6.379310344827586,0.6724137931034483,7.241379310344827,7.379310344827586,0.913793103448276,-0.3103448275862069,0.4827586206896552,0.6551724137931034,4.672696438665913,0.27133973996608246,1.0,Spring,1.0,0.0,HOLIDAY
20260404_1200_boston_college,2026.0,33,2026-04-04,Boston College,,3303,3303.0,,,,2026-04-04 12:00:00,Boston College,1,0,612.3496255030115,0,1,3,day,Saturday,1,4.0,0,0,1.0,0.0,0.0,0.0,0,0,0.7540983606557377,3334.0526315789475,2999.265162907268,499.8526315789477,66.0,79.0,145.0,7.852459016393443,4.032786885245901,1.4262295081967211,7.901639344262295,8.868852459016393,0.9016393442622952,3.819672131147541,0.7540983606557377,5.327868852459016,6.068965517241379,6.379310344827586,0.6724137931034483,7.241379310344827,7.379310344827586,0.913793103448276,-0.3103448275862069,0.4827586206896552,0.6551724137931034,4.672696438665913,0.27133973996608246,1.0,Spring,0.0,0.0,
20260407_1900_charlotte,2026.0,34,2026-04-07,Charlotte,,3199,3199.0,,,,2026-04-07 19:00:00,Charlotte,0,0,103.22794871720183,0,0,0,night,Tuesday,0,4.0,0,0,3.0,0.0,0.0,0.0,0,1,0.7540983606557377,3334.0526315789475,2999.265162907268,499.8526315789477,66.0,79.0,145.0,7.852459016393443,4.032786885245901,1.4262295081967211,7.901639344262295,8.868852459016393,0.9016393442622952,3.819672131147541,0.7540983606557377,5.327868852459016,6.344827586206897,4.775862068965517,1.362068965517241,9.06896551724138,9.93103448275862,0.9827586206896552,1.5689655172413792,0.6206896551724138,2.810344827586207,2.517524024872809,0.13340870548332384,1.0,Spring,0.0,0.0,
20260414_1800_unc_wilmington,2026.0,38,2026-04-14,UNC Wilmington,,2896,2896.0,,,,2026-04-14 18:00:00,UNC Wilmington,0,0,134.19227512000498,0,0,0,night,Tuesday,0,4.0,0,0,7.0,0.0,0.0,0.0,0,1,0.7540983606557377,3334.0526315789475,2999.265162907268,499.8526315789477,66.0,79.0,145.0,7.852459016393443,4.032786885245901,1.4262295081967211,7.901639344262295,8.868852459016393,0.9016393442622952,3.819672131147541,0.7540983606557377,5.327868852459016,6.706896551724138,4.465517241379311,1.1206896551724137,8.706896551724139,8.482758620689655,0.7241379310344828,2.2413793103448274,0.5862068965517241,3.413793103448276,1.91407574901074,0.16789146410401357,1.0,Spring,0.0,0.0,
20260417_1800_georgia_tech,2026.0,39,2026-04-17,Georgia Tech,,3496,3496.0,,,,2026-04-17 18:00:00,Georgia Tech,1,1,337.07691718159055,0,1,1,night,Friday,1,4.0,0,0,3.0,0.0,0.0,0.0,0,0,0.7540983606557377,3334.0526315789475,2999.265162907268,499.8526315789477,66.0,79.0,145.0,7.852459016393443,4.032786885245901,1.4262295081967211,7.901639344262295,8.868852459016393,0.9016393442622952,3.819672131147541,0.7540983606557377,5.327868852459016,8.433333333333334,5.116666666666666,1.55,7.366666666666666,8.783333333333333,1.1333333333333333,3.316666666666667,0.6833333333333333,4.683333333333334,0.6445355191256823,0.0707650273224043,1.0,Spring,0.0,0.0,
20260418_1200_georgia_tech,2026.0,40,2026-04-18,Georgia Tech,,3357,3357.0,,,,2026-04-18 12:00:00,Georgia Tech,1,1,337.07691718159055,0,1,2,day,Saturday,1,4.0,0,0,1.0,0.0,0.0,0.0,0,0,0.7540983606557377,3334.0526315789475,2999.265162907268,499.8526315789477,66.0,79.0,145.0,7.852459016393443,4.032786885245901,1.4262295081967211,7.901639344262295,8.868852459016393,0.9016393442622952,3.819672131147541,0.7540983606557377,5.327868852459016,8.433333333333334,5.116666666666666,1.55,7.366666666666666,8.783333333333333,1.1333333333333333,3.316666666666667,0.6833333333333333,4.683333333333334,0.6445355191256823,0.0707650273224043,1.0,Spring,0.0,0.0,
20260419_1300_georgia_tech,2026.0,41,2026-04-19,Georgia Tech,,3287,3287.0,,,,2026-04-19 13:00:00,Georgia Tech,1,1,337.07691718159055,0,1,3,day,Sunday,1,4.0,0,0,1.0,0.0,0.0,0.0,0,0,0.7540983606557377,3334.0526315789475,2999.265162907268,499.8526315789477,66.0,79.0,145.0,7.852459016393443,4.032786885245901,1.4262295081967211,7.901639344262295,8.868852459016393,0.9016393442622952,3.819672131147541,0.7540983606557377,5.327868852459016,8.433333333333334,5.116666666666666,1.55,7.366666666666666,8.783333333333333,1.1333333333333333,3.316666666666667,0.6833333333333333,4.683333333333334,0.6445355191256823,0.0707650273224043,1.0,Spring,0.0,0.0,
20260421_1800_high_point,2026.0,42,2026-04-21,High Point,,2861,2861.0,,,,2026-04-21 18:00:00,High Point,0,0,53.374625986465766,0,0,0,night,Tuesday,0,4.0,0,0,2.0,0.0,0.0,0.0,0,1,0.7540983606557377,3334.0526315789475,2999.265162907268,499.8526315789477,66.0,79.0,145.0,7.852459016393443,4.032786885245901,1.4262295081967211,7.901639344262295,8.868852459016393,0.9016393442622952,3.819672131147541,0.7540983606557377,5.327868852459016,10.672413793103448,7.431034482758621,2.2586206896551726,7.982758620689655,7.086206896551724,1.2241379310344829,3.2413793103448274,0.6724137931034483,4.586206896551724,0.7416619559072917,0.08168456755228937,1.0,Spring,0.0,0.0,
20260428_1900_coastal_carolina,2026.0,46,2026-04-28,Coastal Carolina,,3677,3677.0,,,,2026-04-28 19:00:00,Coastal Carolina,0,0,146.56725392967837,0,0,0,night,Tuesday,0,4.0,0,0,7.0,0.0,0.0,0.0,0,1,0.7540983606557377,3334.0526315789475,2999.265162907268,499.8526315789477,66.0,79.0,145.0,7.852459016393443,4.032786885245901,1.4262295081967211,7.901639344262295,8.868852459016393,0.9016393442622952,3.819672131147541,0.7540983606557377,5.327868852459016,7.376811594202898,3.5072463768115942,0.9855072463768116,8.130434782608695,9.014492753623188,0.6811594202898551,3.869565217391304,0.8115942028985508,5.492753623188406,-0.16488477072939034,-0.05749584224281312,1.0,Spring,0.0,0.0,
20260429_1800_queens,2026.0,47,2026-04-29,Queens,,2954,2954.0,,,,2026-04-29 18:00:00,Other,0,0,103.21767923084887,0,0,0,night,Wednesday,0,4.0,0,0,1.0,0.0,0.0,0.0,0,1,0.7540983606557377,3334.0526315789475,2999.265162907268,499.8526315789477,66.0,79.0,145.0,7.852459016393443,4.032786885245901,1.4262295081967211,7.901639344262295,8.868852459016393,0.9016393442622952,3.819672131147541,0.7540983606557377,5.327868852459016,3.7358490566037736,8.924528301886792,0.6226415094339622,9.264150943396226,6.962264150943396,1.471698113207547,-5.188679245283019,0.1698113207547169,-4.849056603773585,10.1769254562326,0.5842870399010207,1.0,Spring,0.0,1.0,READING DAY
20260503_1400_duke,2026.0,48,2026-05-03,Duke,,4063,4063.0,,,,2026-05-03 14:00:00,Duke,1,1,8.929448381307317,0,0,0,afternoon,Sunday,1,5.0,0,0,4.0,0.0,0.0,0.0,0,0,0.7540983606557377,3334.0526315789475,2999.265162907268,499.8526315789477,66.0,79.0,145.0,7.852459016393443,4.032786885245901,1.4262295081967211,7.901639344262295,8.868852459016393,0.9016393442622952,3.819672131147541,0.7540983606557377,5.327868852459016,8.32258064516129,5.67741935483871,1.8548387096774197,8.161290322580646,9.338709677419354,1.3387096774193548,2.6451612903225805,0.6612903225806451,3.967741935483871,1.3601269169751449,0.09280803807509252,1.0,Spring,0.0,1.0,
20260506_1800_winthrop,2026.0,49,2026-05-06,Winthrop,,3064,3064.0,,,,2026-05-06 18:00:00,Winthrop,0,0,129.16969795646202,0,0,0,night,Wednesday,0,5.0,0,0,3.0,0.0,0.0,0.0,0,1,0.7540983606557377,3334.0526315789475,2999.265162907268,499.8526315789477,66.0,79.0,145.0,7.852459016393443,4.032786885245901,1.4262295081967211,7.901639344262295,8.868852459016393,0.9016393442622952,3.819672131147541,0.7540983606557377,5.327868852459016,8.8,7.333333333333333,0.8833333333333333,6.716666666666667,7.95,1.3166666666666669,1.4666666666666666,0.5166666666666667,2.5,2.827868852459016,0.23743169398907094,1.0,Spring,0.0,1.0,READING DAY
20260508_1800_pittsburgh,2026.0,50,2026-05-08,Pittsburgh,,3150,3150.0,,,,2026-05-08 18:00:00,Pittsburgh,1,0,317.2747390558306,0,1,1,night,Friday,1,5.0,0,0,2.0,0.0,0.0,0.0,0,0,0.7540983606557377,3334.0526315789475,2999.265162907268,499.8526315789477,66.0,79.0,145.0,7.852459016393443,4.032786885245901,1.4262295081967211,7.901639344262295,8.868852459016393,0.9016393442622952,3.819672131147541,0.7540983606557377,5.327868852459016,6.75,7.107142857142857,1.0714285714285714,9.178571428571429,8.160714285714286,1.3928571428571428,-0.3571428571428571,0.5,0.6428571428571428,4.6850117096018735,0.25409836065573765,1.0,Spring,0.0,1.0,
20260509_1200_pittsburgh,2026.0,51,2026-05-09,Pittsburgh,,2998,2998.0,,,,2026-05-09 12:00:00,Pittsburgh,1,0,317.2747390558306,0,1,2,day,Saturday,1,5.0,0,0,1.0,0.0,0.0,0.0,0,0,0.7540983606557377,3334.0526315789475,2999.265162907268,499.8526315789477,66.0,79.0,145.0,7.852459016393443,4.032786885245901,1.4262295081967211,7.901639344262295,8.868852459016393,0.9016393442622952,3.819672131147541,0.7540983606557377,5.327868852459016,6.75,7.107142857142857,1.0714285714285714,9.178571428571429,8.160714285714286,1.3928571428571428,-0.3571428571428571,0.5,0.6428571428571428,4.6850117096018735,0.25409836065573765,1.0,Spring,1.0,0.0,COMMENCEMENT
20260510_1300_pittsburgh,2026.0,52,2026-05-10,Pittsburgh,,2927,2927.0,,,,2026-05-10 13:00:00,Pittsburgh,1,0,317.2747390558306,0,1,3,day,Sunday,1,5.0,0,0,1.0,0.0,0.0,0.0,0,0,0.7540983606557377,3334.0526315789475,2999.265162907268,499.8526315789477,66.0,79.0,145.0,7.852459016393443,4.032786885245901,1.4262295081967211,7.901639344262295,8.868852459016393,0.9016393442622952,3.819672131147541,0.7540983606557377,5.327868852459016,6.75,7.107142857142857,1.0714285714285714,9.178571428571429,8.160714285714286,1.3928571428571428,-0.3571428571428571,0.5,0.6428571428571428,4.6850117096018735,0.25409836065573765,1.0,Spring,1.0,0.0,SEMESTER BREAK
