event_id,season_year,game_number,date,opponent,attendance,predicted,predicted_raw,error,abs_error,pct_error,season_stage,opponent_grp,acc,opp_distance_miles,series,game_in_series,time_bucket,doubleheader,dh_game_number,days_since_last_hg,early_season,mbb_away,lag_series_attendance,prev_szn_record_pct,wins_last3,wx_d1_weather_condition,wx_d1_humidity,wx_d1_wind_speed,wx_d1_precipitation,wx_d1_cloud_cover,school_hours,prev_season_attendance,attendance_yoy_change,errors_pg,idp_pg,opp_runs_pg,opp_hr_pg,opp_errors_pg,opp_run_diff_pg,opp_wins_last3,strength_diff,win_pct_diff
20240216_1600_wagner,2024.0,1,2024-02-16,Wagner,2837.0,2649,2649.0,187.77972930301257,187.77972930301257,6.618954152379717,regular,Other,0,421.7875492251025,1,1,late_day,0,0,30.0,1,0,,0.6101694915254238,0,clear,38.0,12.054597399999999,0.0,0.0,0,2829.542857142857,367.12822299651543,,,,,,,,,
20240217_1200_wagner,2024.0,2,2024-02-17,Wagner,2193.0,2591,2591.0,-398.03247652908067,398.03247652908067,18.150135728640247,regular,Other,0,421.7875492251025,1,2,early_day,0,0,1.0,1,0,2837.0,0.6101694915254238,1,cloudy,35.0,7.4564520000000005,0.0,100.0,0,2829.542857142857,367.12822299651543,1.0,1.0,3.0,2.0,3.0,-7.0,0.0,16.0,1.0
20240218_1300_wagner,2024.0,3,2024-02-18,Wagner,2709.0,2317,2317.0,392.4156335806747,392.4156335806747,14.485626931734025,regular,Other,0,421.7875492251025,1,3,early_day,0,0,1.0,1,0,2193.0,0.6101694915254238,2,cloudy,45.0,9.8797989,0.0,100.0,0,2829.542857142857,367.12822299651543,1.0,1.0,4.0,1.0,3.0,-9.0,0.0,20.0,1.0
20240220_1600_elon,2024.0,4,2024-02-20,Elon,2018.0,1951,1951.0,67.34072005135477,67.34072005135477,3.3370029757856674,regular,Elon,0,28.02167355511645,0,0,late_day,0,0,2.0,1,0,,0.6101694915254238,3,clear,36.0,2.5476210999999997,0.0,0.0,0,2829.542857142857,367.12822299651543,2.333333333333333,1.0,10.0,1.3333333333333333,1.0,-0.6666666666666666,1.0,12.666666666666666,0.6666666666666667
20240223_1700_east_carolina,2024.0,5,2024-02-23,East Carolina,3845.0,3251,3251.0,594.4768965426802,594.4768965426802,15.461037621396104,regular,East Carolina,0,96.57704437500246,0,0,late_day,0,0,3.0,1,0,,0.6101694915254238,3,cloudy,39.0,11.806049,0.0,100.0,0,2829.542857142857,367.12822299651543,1.75,1.0,9.0,1.5,0.75,6.75,2.0,2.0,0.25
20240227_1600_virginia_commonwealth,2024.0,8,2024-02-27,Virginia Commonwealth,1822.0,2158,2158.0,-335.8563067740761,335.8563067740761,18.43338676037739,regular,Virginia Commonwealth,0,142.91275148812667,0,0,late_day,0,0,4.0,1,0,,0.6101694915254238,1,cloudy,38.0,9.0720166,0.0,26.0,0,2829.542857142857,367.12822299651543,1.5714285714285714,1.2857142857142858,8.571428571428571,1.1428571428571428,1.4285714285714286,1.8571428571428568,2.0,2.7142857142857144,0.1428571428571429
20240228_1400_longwood,2024.0,9,2024-02-28,Longwood,1793.0,1864,1864.0,-71.41806929686027,71.41806929686027,3.9831605854355976,regular,Other,0,102.1495764877588,0,0,late_day,0,0,1.0,1,0,,0.6101694915254238,1,cloudy,85.0,9.8797989,0.0,100.0,0,2829.542857142857,367.12822299651543,1.375,1.125,14.0,0.7142857142857143,1.0,6.428571428571429,3.0,-2.1428571428571423,-0.1071428571428571
20240301_1100_princeton,2024.0,10,2024-03-01,Princeton,1809.0,2190,2190.0,-380.8560688268535,380.8560688268535,21.05340347301567,regular,Princeton,0,388.6539550948898,1,1,early_day,0,0,2.0,1,0,,0.6101694915254238,2,cloudy,39.0,4.7224196,0.0,92.0,0,2829.542857142857,367.12822299651543,1.4444444444444444,1.1111111111111112,2.0,0.3333333333333333,2.0,-4.666666666666667,1.0,10.555555555555555,0.4444444444444445
20240302_1200_princeton,2024.0,11,2024-03-02,Princeton,2496.0,2449,2449.0,46.811102330892936,46.811102330892936,1.8754448049235952,regular,Princeton,0,388.6539550948898,1,2,early_day,0,0,1.0,1,0,1809.0,0.6101694915254238,3,cloudy,46.0,6.337984199999999,0.0,100.0,0,2829.542857142857,367.12822299651543,1.3,1.0,2.0,0.25,2.0,-6.0,1.0,12.6,0.55
20240303_1200_princeton,2024.0,12,2024-03-03,Princeton,2756.0,2334,2334.0,422.291471857583,422.291471857583,15.322622346066147,regular,Princeton,0,388.6539550948898,1,3,early_day,0,0,1.0,1,0,2496.0,0.6101694915254238,3,cloudy,77.0,6.5865326,0.0,98.0,0,2829.542857142857,367.12822299651543,1.181818181818182,1.0909090909090908,2.0,0.4,1.8,-6.6,0.0,13.654545454545454,0.6181818181818182
20240308_1600_pittsburgh,2024.0,14,2024-03-08,Pittsburgh,2323.0,2291,2291.0,32.30426583728058,32.30426583728058,1.3906270270030383,regular,Pittsburgh,1,317.2747390558306,1,1,late_day,0,0,5.0,1,0,,0.6101694915254238,3,cloudy,51.0,4.970968,0.0,83.0,0,2829.542857142857,367.12822299651543,1.3076923076923077,0.9230769230769232,10.444444444444445,1.6666666666666667,0.5555555555555556,4.888888888888889,3.0,0.7948717948717947,-0.0427350427350426
20240309_1500_pittsburgh,2024.0,15,2024-03-09,Pittsburgh,2027.0,2464,2464.0,-436.7793517988739,436.7793517988739,21.548068662993288,regular,Pittsburgh,1,317.2747390558306,1,2,late_day,0,0,1.0,1,1,2323.0,0.6101694915254238,3,cloudy,51.0,5.716613199999999,0.0,100.0,0,2829.542857142857,367.12822299651543,1.2142857142857142,0.9285714285714286,9.5,1.5,0.5,4.3,2.0,1.2428571428571429,0.057142857142857
20240310_1300_pittsburgh,2024.0,16,2024-03-10,Pittsburgh,2281.0,2415,2415.0,-133.75259363749137,133.75259363749137,5.863769997259595,regular,Pittsburgh,1,317.2747390558306,1,3,early_day,0,0,1.0,1,0,2027.0,0.6101694915254238,3,rainy,100.0,11.3089522,2.1,100.0,0,2829.542857142857,367.12822299651543,1.2,0.9333333333333332,9.0,1.3636363636363635,0.6363636363636364,3.636363636363636,1.0,1.9090909090909087,0.1393939393939394
20240312_1800_rutgers,2024.0,17,2024-03-12,Rutgers,2006.0,2285,2285.0,-278.88378559338116,278.88378559338116,13.902481834166558,regular,Other,0,403.88774773318784,1,1,night,0,0,2.0,1,0,,0.6101694915254238,3,clear,34.0,8.326371400000001,0.0,0.0,0,2829.542857142857,367.12822299651543,1.125,0.9375,7.5,0.7142857142857143,1.2857142857142858,1.6428571428571428,1.0,3.678571428571429,0.1607142857142857
20240313_1600_rutgers,2024.0,18,2024-03-13,Rutgers,2205.0,2151,2151.0,53.620465830594185,53.620465830594185,2.4317671578500764,regular,Other,0,403.88774773318784,1,2,late_day,0,0,1.0,1,0,2006.0,0.6101694915254238,3,clear,23.0,4.970968,0.0,0.0,0,2829.542857142857,367.12822299651543,1.2352941176470589,0.9411764705882352,7.466666666666667,0.6666666666666666,1.2,1.1333333333333333,1.0,4.356862745098039,0.2156862745098039
20240319_1800_unc_wilmington,2024.0,22,2024-03-19,UNC Wilmington,2438.0,2277,2277.0,161.30160891421792,161.30160891421792,6.616144746276372,regular,UNC Wilmington,0,134.19227512000498,0,0,night,0,0,6.0,1,0,,0.6101694915254238,1,cloudy,30.0,9.0098795,0.0,100.0,0,2829.542857142857,367.12822299651543,1.2857142857142858,0.9523809523809524,5.95,1.4,0.85,0.65,2.0,3.916666666666666,0.2595238095238095
20240322_1130_georgia_tech,2024.0,23,2024-03-22,Georgia Tech,1915.0,2788,2788.0,-872.6817169450865,872.6817169450865,45.57084683786352,regular,Georgia Tech,1,337.07691718159055,1,1,early_day,0,0,3.0,1,0,,0.6101694915254238,2,clear,46.0,4.6602825,0.0,0.0,0,2829.542857142857,367.12822299651543,1.2272727272727273,0.9545454545454546,9.9,2.1,0.75,4.7,3.0,-0.3000000000000007,0.0181818181818181
20240323_1700_georgia_tech,2024.0,24,2024-03-23,Georgia Tech,2594.0,2906,2906.0,-312.02702121293305,312.02702121293305,12.028798042133117,regular,Georgia Tech,1,337.07691718159055,1,2,late_day,0,0,1.0,1,1,1915.0,0.6101694915254238,3,rainy,77.0,8.2642343,0.5,100.0,0,2829.542857142857,367.12822299651543,1.173913043478261,0.9130434782608696,9.61904761904762,2.0476190476190474,0.7142857142857143,4.428571428571429,2.0,-0.0828157349896479,0.0641821946169772
20240324_1200_georgia_tech,2024.0,25,2024-03-24,Georgia Tech,2408.0,2754,2754.0,-346.21886838175215,346.21886838175215,14.377859982630902,regular,Georgia Tech,1,337.07691718159055,1,3,early_day,0,0,1.0,1,0,2594.0,0.6101694915254238,3,cloudy,87.0,9.3827021,0.0,100.0,0,2829.542857142857,367.12822299651543,1.1666666666666667,0.875,9.409090909090908,1.9545454545454544,0.7272727272727273,3.954545454545455,1.0,0.5492424242424248,0.106060606060606
20240326_1800_north_carolina_a_t,2024.0,26,2024-03-26,North Carolina A&T,2630.0,2357,2357.0,273.1543181310085,273.1543181310085,10.386095746426179,regular,North Carolina A&T,0,42.31286077983115,0,0,night,0,0,2.0,1,0,,0.6101694915254238,3,cloudy,46.0,6.0894358,0.0,98.0,0,2829.542857142857,367.12822299651543,1.16,0.84,7.565217391304348,0.6086956521739131,0.8695652173913043,2.9130434782608696,2.0,1.6886956521739132,0.1008695652173913
20240412_1800_notre_dame,2024.0,34,2024-04-12,Notre Dame,2523.0,3036,3036.0,-513.1027788094352,513.1027788094352,20.33701065435732,regular,Notre Dame,1,556.1705559984152,1,1,night,0,0,17.0,0,0,,0.6101694915254238,1,rainy,91.0,17.3362509,0.6,100.0,0,2829.542857142857,367.12822299651543,1.2424242424242424,0.7575757575757576,7.7,1.6666666666666667,0.6333333333333333,1.0,1.0,3.212121212121212,0.2878787878787878
20240413_1400_notre_dame,2024.0,35,2024-04-13,Notre Dame,3887.0,3141,3141.0,745.5439179896243,745.5439179896243,19.180445536136464,regular,Notre Dame,1,556.1705559984152,1,2,late_day,0,0,1.0,0,0,2523.0,0.6101694915254238,2,cloudy,33.0,15.534275000000001,0.0,81.0,0,2829.542857142857,367.12822299651543,1.2058823529411764,0.7352941176470589,7.451612903225806,1.6129032258064515,0.6129032258064516,0.5483870967741935,1.0,3.983870967741936,0.310246679316888
20240414_1300_notre_dame,2024.0,36,2024-04-14,Notre Dame,3169.0,3174,3174.0,-4.864420424733453,4.864420424733453,0.15350017118123865,regular,Notre Dame,1,556.1705559984152,1,3,early_day,0,0,1.0,0,0,3887.0,0.6101694915254238,2,cloudy,33.0,14.8507669,0.0,56.0,0,2829.542857142857,367.12822299651543,1.1714285714285717,0.7142857142857143,7.28125,1.5625,0.59375,0.375,1.0,4.230357142857143,0.33125
20240416_1800_coastal_carolina,2024.0,37,2024-04-16,Coastal Carolina,3268.0,2947,2947.0,320.61374097685984,320.61374097685984,9.810701988276005,regular,Coastal Carolina,0,146.56725392967837,0,0,night,0,0,2.0,0,0,,0.6101694915254238,3,cloudy,36.0,7.7671375000000005,0.0,72.0,0,2829.542857142857,367.12822299651543,1.1666666666666667,0.6944444444444444,9.885714285714286,1.7428571428571429,0.9714285714285714,4.0,2.0,0.2674603174603174,0.1198412698412698
20240423_1800_gardner_webb,2024.0,41,2024-04-23,Gardner-Webb,2265.0,2605,2605.0,-340.0168414092641,340.0168414092641,15.011781077671705,regular,Gardner-Webb,0,154.2659220007845,0,0,night,0,0,7.0,0,0,,0.6101694915254238,1,clear,34.0,5.716613199999999,0.0,0.0,0,2829.542857142857,367.12822299651543,1.05,0.675,4.871794871794871,0.9743589743589745,1.3333333333333333,-2.076923076923077,2.0,6.632692307692308,0.3653846153846153
20240426_1800_virginia_tech,2024.0,42,2024-04-26,Virginia Tech,3764.0,3241,3241.0,522.8097871827094,522.8097871827094,13.889739298159123,regular,Virginia Tech,1,118.31257284562153,1,1,night,0,0,3.0,0,0,,0.6101694915254238,2,cloudy,39.0,7.0836294,0.0,39.0,0,2829.542857142857,367.12822299651543,1.048780487804878,0.6585365853658537,8.64102564102564,2.0,0.6923076923076923,3.435897435897436,2.0,0.5478424015009375,0.0894308943089431
20240427_1400_virginia_tech,2024.0,43,2024-04-27,Virginia Tech,3642.0,3285,3285.0,357.07077129306526,357.07077129306526,9.804249623642649,regular,Virginia Tech,1,118.31257284562153,1,2,late_day,0,0,1.0,0,0,3764.0,0.6101694915254238,3,cloudy,52.0,4.7224196,0.0,83.0,0,2829.542857142857,367.12822299651543,1.0238095238095235,0.6428571428571429,8.45,1.975,0.775,3.175,1.0,0.9297619047619056,0.1119047619047618
20240428_1300_virginia_tech,2024.0,44,2024-04-28,Virginia Tech,3165.0,3085,3085.0,80.31477951805391,80.31477951805391,2.5375917699227144,regular,Virginia Tech,1,118.31257284562153,1,3,early_day,0,0,1.0,0,0,3642.0,0.6101694915254238,3,cloudy,54.0,4.9088309,0.0,100.0,0,2829.542857142857,367.12822299651543,1.0,0.7209302325581395,8.317073170731707,1.951219512195122,0.7560975609756098,3.024390243902439,1.0,1.1026659103800345,0.1332955190017016
20240430_1900_charlotte,2024.0,45,2024-04-30,Charlotte,2268.0,2705,2705.0,-436.90695884441766,436.90695884441766,19.263975257690372,regular,Charlotte,0,103.22794871720183,0,0,night,0,0,2.0,0,0,,0.6101694915254238,2,clear,50.0,6.9593552,0.0,0.0,0,2829.542857142857,367.12822299651543,0.9772727272727272,0.7045454545454546,6.068181818181818,1.1363636363636365,1.0909090909090908,-0.7272727272727273,1.0,5.068181818181818,0.2954545454545454
20240501_1800_william_mary,2024.0,46,2024-05-01,William & Mary,2485.0,2425,2425.0,60.18627844899993,60.18627844899993,2.4219830361770596,regular,Other,0,160.30493755402333,0,0,night,0,0,1.0,0,0,,0.6101694915254238,2,cloudy,38.0,7.1457665,0.0,100.0,0,2829.542857142857,367.12822299651543,0.9555555555555556,0.7111111111111111,7.044444444444444,1.0888888888888888,1.6666666666666667,1.7555555555555555,1.0,2.5333333333333337,0.1777777777777778
20240507_1800_campbell,2024.0,47,2024-05-07,Campbell,3003.0,2687,2687.0,316.38111299122465,316.38111299122465,10.535501598109379,regular,Campbell,0,47.52570699070565,0,0,night,0,0,6.0,0,0,,0.6101694915254238,2,rainy,94.0,5.6544761,0.1,100.0,0,2829.542857142857,367.12822299651543,0.9565217391304348,0.7391304347826086,8.91304347826087,2.239130434782609,1.1304347826086956,1.0869565217391304,0.0,3.4782608695652177,0.1739130434782608
20240510_1800_louisville,2024.0,48,2024-05-10,Louisville,2840.0,2953,2953.0,-112.8082097877791,112.8082097877791,3.9721200629499687,regular,Louisville,1,402.6332015322946,1,1,night,0,0,3.0,0,0,,0.6101694915254238,3,cloudy,64.0,7.5807262,0.0,100.0,0,2829.542857142857,367.12822299651543,0.9574468085106383,0.723404255319149,8.244897959183673,1.4285714285714286,1.2857142857142858,1.5714285714285714,2.0,3.0321320017368647,0.1741207121146331
20240511_1200_louisville,2024.0,49,2024-05-11,Louisville,2893.0,3020,3020.0,-127.21080780445936,127.21080780445936,4.397193494796383,regular,Louisville,1,402.6332015322946,1,2,early_day,0,0,1.0,0,0,2840.0,0.6101694915254238,3,cloudy,51.0,9.0720166,0.0,100.0,0,2829.542857142857,367.12822299651543,0.9375,0.7291666666666666,8.16,1.42,1.26,1.34,1.0,3.416666666666667,0.1908333333333334
20240512_1200_louisville,2024.0,50,2024-05-12,Louisville,2616.0,2976,2976.0,-359.6831445130106,359.6831445130106,13.749355677102852,regular,Louisville,1,402.6332015322946,1,3,early_day,0,0,1.0,0,0,2893.0,0.6101694915254238,3,cloudy,44.0,4.7845567,0.0,93.0,0,2829.542857142857,367.12822299651543,0.9183673469387756,0.7346938775510204,8.07843137254902,1.411764705882353,1.2352941176470589,1.2745098039215683,0.0,3.4657863145258108,0.2068827531012405
20240531_1800_liu,2024.0,57,2024-05-31,LIU,3802.0,4196,4196.0,-393.98664171575365,393.98664171575365,10.36261551067211,regional,Other,0,461.9990524507827,0,0,night,0,0,19.0,0,0,,0.6101694915254238,2,cloudy,34.0,7.3321778,0.0,23.0,0,2829.542857142857,367.12822299651543,0.9454545454545454,0.7090909090909091,7.285714285714286,1.2321428571428572,1.125,0.4285714285714285,3.0,4.192857142857143,0.1743506493506493
20240601_1700_lsu,2024.0,58,2024-06-01,LSU,3919.0,3917,3917.0,1.9156672771964622,1.9156672771964622,0.04888153297260685,regional,Other,0,797.1311569765401,0,0,late_day,0,0,1.0,0,0,,0.6101694915254238,2,cloudy,28.0,3.6660889,0.0,98.0,0,2829.542857142857,367.12822299651543,0.9464285714285714,0.6964285714285714,7.129032258064516,1.7580645161290325,0.7741935483870968,2.419354838709677,2.0,2.0437788018433176,0.1065668202764977
20240602_1800_lsu,2024.0,59,2024-06-02,LSU,4098.0,4095,4095.0,2.5278641379322835,2.5278641379322835,0.06168531327311576,regional,Other,0,797.1311569765401,0,0,night,0,0,1.0,0,0,,0.6101694915254238,2,cloudy,32.0,5.530201900000001,0.0,100.0,0,2829.542857142857,367.12822299651543,0.9298245614035088,0.7368421052631579,7.140625,1.71875,0.78125,2.390625,2.0,2.0863486842105257,0.1156798245614034
20240603_1800_lsu,2024.0,60,2024-06-03,LSU,4026.0,3755,3755.0,271.11860050587575,271.11860050587575,6.734192759708786,regional,Other,0,797.1311569765401,0,0,night,0,0,1.0,0,0,,0.6101694915254238,2,cloudy,53.0,7.0836294,0.0,100.0,0,2829.542857142857,367.12822299651543,0.9310344827586208,0.7586206896551724,7.153846153846154,1.7230769230769232,0.7692307692307693,2.4153846153846152,2.0,1.882228116710876,0.0970822281167108
20240607_1800_west_virginia,2024.0,61,2024-06-07,West Virginia,4139.0,4301,4301.0,-162.15786843644128,162.15786843644128,3.9178030547581852,super_regional,Other,0,261.79463380726196,0,0,night,0,0,4.0,0,0,,0.6101694915254238,2,cloudy,75.0,5.592339,0.0,84.0,0,2829.542857142857,367.12822299651543,0.9322033898305084,0.7457627118644068,6.810344827586207,1.5172413793103448,0.8793103448275862,1.6206896551724137,3.0,2.714202220923437,0.1420222092343658
20240608_2000_west_virginia,2024.0,62,2024-06-08,West Virginia,4491.0,4619,4619.0,-127.87156704974586,127.87156704974586,2.847284948780803,super_regional,Other,0,261.79463380726196,0,0,night,0,0,1.0,0,0,,0.6101694915254238,2,clear,53.0,3.6660889,0.0,4.0,0,2829.542857142857,367.12822299651543,0.95,0.75,6.796610169491525,1.5423728813559323,0.8813559322033898,1.5593220338983051,2.0,2.770338983050847,0.1564971751412429
20250214_1200_texas_tech,2025.0,1,2025-02-14,Texas Tech,2485.0,2413,2413.0,72.0177943229969,72.0177943229969,2.898100375170902,regular,Other,0,1303.3038425569132,1,1,early_day,1,1,30.0,1,0,,0.75,0,cloudy,94.0,11.433226399999999,0.0,100.0,0,2834.2,4.657142857142844,,,,,,,,,
20250214_1600_texas_tech,2025.0,2,2025-02-14,Texas Tech,2822.0,2865,2865.0,-43.15202954238521,43.15202954238521,1.5291293246770095,regular,Other,0,1303.3038425569132,1,2,late_day,1,2,0.0,1,0,2485.0,0.75,1,cloudy,65.0,7.9535488,0.0,100.0,0,2834.2,4.657142857142844,0.0,1.0,3.0,2.0,1.0,-5.0,0.0,12.0,1.0
20250215_1200_texas_tech,2025.0,3,2025-02-15,Texas Tech,2475.0,2925,2925.0,-449.9579756425733,449.9579756425733,18.18012022798276,regular,Other,0,1303.3038425569132,1,3,early_day,0,0,1.0,1,1,2822.0,0.75,2,cloudy,41.0,6.648669699999999,0.0,35.0,0,2834.2,4.657142857142844,0.0,0.5,2.0,1.5,1.5,-4.5,0.0,11.0,1.0
20250218_1600_kansas_state,2025.0,4,2025-02-18,Kansas State,2326.0,2323,2323.0,3.2514743297779205,3.2514743297779205,0.1397882342982769,regular,Other,0,985.0305453988784,0,0,late_day,0,0,3.0,1,0,,0.75,3,clear,34.0,9.1962908,0.0,0.0,0,2834.2,4.657142857142844,0.6666666666666666,0.3333333333333333,4.75,0.75,2.25,-3.5,1.0,8.666666666666666,0.75
20250223_1300_east_carolina,2025.0,6,2025-02-23,East Carolina,3914.0,3782,3782.0,132.229874449587,132.229874449587,3.378382075870899,regular,East Carolina,0,96.57704437500246,0,0,early_day,0,0,5.0,1,0,,0.75,3,cloudy,29.0,3.7903631,0.0,99.0,0,2834.2,4.657142857142844,0.6,0.2,2.6,1.0,1.4,-1.0,1.0,5.4,0.6
20250225_1600_virginia_commonwealth,2025.0,8,2025-02-25,Virginia Commonwealth,2628.0,2570,2570.0,58.18079712887402,58.18079712887402,2.213881169287444,regular,Virginia Commonwealth,0,142.91275148812667,0,0,late_day,0,0,2.0,1,0,,0.75,3,clear,31.0,4.2253228,0.0,0.0,0,2834.2,4.657142857142844,0.7142857142857143,0.4285714285714285,3.7142857142857135,0.7142857142857143,0.8571428571428571,-3.4285714285714284,1.0,8.285714285714285,0.7142857142857143
20250226_1600_north_carolina_a_t,2025.0,9,2025-02-26,North Carolina A&T,2538.0,2577,2577.0,-38.795549855961326,38.795549855961326,1.52858746477389,regular,North Carolina A&T,0,42.31286077983115,0,0,late_day,0,0,1.0,1,0,,0.75,3,clear,29.0,5.530201900000001,0.0,0.0,0,2834.2,4.657142857142844,0.625,0.5,7.6,0.6,2.0,1.8,0.0,3.025,0.6
20250228_1600_stony_brook,2025.0,10,2025-02-28,Stony Brook,2912.0,2750,2750.0,161.88534694636883,161.88534694636883,5.559249551729699,regular,Stony Brook,0,471.4618673697349,1,1,late_day,0,0,2.0,1,0,,0.75,3,cloudy,46.0,9.7555247,0.0,100.0,0,2834.2,4.657142857142844,0.7777777777777778,0.5555555555555556,5.5,0.5,0.5,-0.8333333333333334,0.0,6.055555555555555,0.5
20250301_1400_stony_brook,2025.0,11,2025-03-01,Stony Brook,3828.0,3193,3193.0,635.0262342219235,635.0262342219235,16.588982085212212,regular,Stony Brook,0,471.4618673697349,1,2,late_day,0,0,1.0,1,0,2912.0,0.75,3,cloudy,32.0,8.699194,0.0,41.0,0,2834.2,4.657142857142844,0.7,0.5,5.0,0.4285714285714285,0.8571428571428571,-2.7142857142857144,0.0,9.057142857142855,0.5714285714285714
20250302_1300_stony_brook,2025.0,12,2025-03-02,Stony Brook,2531.0,2999,2999.0,-468.04468418754186,468.04468418754186,18.492480607962932,regular,Stony Brook,0,471.4618673697349,1,3,early_day,0,0,1.0,1,0,3828.0,0.75,3,clear,31.0,10.936129600000001,0.0,0.0,0,2834.2,4.657142857142844,0.8181818181818182,0.4545454545454545,4.5,0.375,0.75,-3.0,0.0,9.431818181818182,0.625
20250304_1600_coastal_carolina,2025.0,13,2025-03-04,Coastal Carolina,2550.0,2705,2705.0,-155.0457420751768,155.0457420751768,6.080225179418698,regular,Coastal Carolina,0,146.56725392967837,0,0,late_day,0,0,2.0,1,1,,0.75,3,cloudy,27.0,2.0505242999999997,0.0,75.0,0,2834.2,4.657142857142844,0.75,0.4166666666666667,7.833333333333333,1.0,1.25,3.75,3.0,1.666666666666666,0.1666666666666666
20250307_1600_stanford,2025.0,15,2025-03-07,Stanford,3075.0,2782,2782.0,292.8622299633189,292.8622299633189,9.523974958156712,regular,Other,1,2370.3964745746684,1,1,late_day,0,0,3.0,1,0,,0.75,3,clear,38.0,16.5906057,0.0,4.0,0,2834.2,4.657142857142844,0.6923076923076923,0.3846153846153846,8.0,1.25,0.9166666666666666,3.0,1.0,2.102564102564102,0.1666666666666666
20250308_1300_stanford,2025.0,16,2025-03-08,Stanford,3393.0,3094,3094.0,298.5721213185102,298.5721213185102,8.799649906233723,regular,Other,1,2370.3964745746684,1,2,early_day,0,0,1.0,1,0,3075.0,0.75,2,cloudy,36.0,4.411734099999999,0.0,100.0,0,2834.2,4.657142857142844,0.7142857142857143,0.3571428571428571,8.384615384615385,1.3076923076923077,0.9230769230769232,3.076923076923077,2.0,1.2307692307692308,0.0824175824175824
20250309_1300_stanford,2025.0,17,2025-03-09,Stanford,2906.0,3015,3015.0,-109.01787690892434,109.01787690892434,3.7514754614220354,regular,Other,1,2370.3964745746684,1,3,early_day,0,0,1.0,1,0,3393.0,0.75,2,cloudy,36.0,14.4779443,0.0,98.0,0,2834.2,4.657142857142844,0.6666666666666666,0.4,7.857142857142857,1.2857142857142858,0.8571428571428571,2.142857142857143,1.0,2.685714285714286,0.1476190476190476
20250319_1600_connecticut,2025.0,22,2025-03-19,Connecticut,3375.0,2482,2482.0,892.7519301643606,892.7519301643606,26.45190904190698,regular,Other,0,547.2471697397605,0,0,late_day,0,0,10.0,1,0,,0.75,1,clear,25.0,1.8641130000000001,0.0,0.0,0,2834.2,4.657142857142844,0.9,0.5,7.176470588235294,1.1764705882352942,0.9411764705882352,-0.8823529411764706,0.0,4.826470588235295,0.4470588235294118
20250328_1800_miami,2025.0,27,2025-03-28,Miami,3412.0,3355,3355.0,56.74693631670743,56.74693631670743,1.6631575708296436,regular,Miami,1,707.9608864912377,1,1,night,0,0,9.0,1,0,,0.75,2,clear,30.0,3.9767744,0.0,0.0,0,2834.2,4.657142857142844,0.84,0.44,7.3076923076923075,1.1923076923076923,1.1153846153846154,1.3461538461538465,1.0,2.096923076923076,0.2215384615384615
20250329_1400_miami,2025.0,28,2025-03-29,Miami,4002.0,3587,3587.0,415.04594247723344,415.04594247723344,10.370963080390641,regular,Miami,1,707.9608864912377,1,2,late_day,0,0,1.0,1,0,3412.0,0.75,3,cloudy,32.0,11.246815100000001,0.0,62.0,0,2834.2,4.657142857142844,0.8461538461538461,0.4230769230769231,7.037037037037037,1.148148148148148,1.1111111111111112,1.2222222222222223,0.0,2.2407407407407405,0.2507122507122508
20250330_1200_miami,2025.0,29,2025-03-30,Miami,3048.0,3311,3311.0,-262.9097108669157,262.9097108669157,8.625646681985423,regular,Miami,1,707.9608864912377,1,3,early_day,0,0,1.0,1,0,4002.0,0.75,3,cloudy,51.0,10.8739925,0.0,99.0,0,2834.2,4.657142857142844,0.8148148148148148,0.4444444444444444,6.857142857142857,1.1428571428571428,1.1428571428571428,1.1071428571428572,0.0,2.3743386243386246,0.2777777777777778
20250401_1800_gardner_webb,2025.0,30,2025-04-01,Gardner-Webb,2650.0,2812,2812.0,-161.52119307312068,161.52119307312068,6.095139361249837,regular,Gardner-Webb,0,154.2659220007845,0,0,night,0,0,2.0,0,0,,0.75,2,rainy,80.0,3.7282260000000003,0.1,100.0,0,2834.2,4.657142857142844,0.8214285714285714,0.4285714285714285,8.517241379310345,1.3448275862068966,1.137931034482759,0.5862068965517241,3.0,2.6982758620689653,0.2672413793103448
20250403_1900_duke,2025.0,31,2025-04-03,Duke,4045.0,3708,3708.0,336.8025638048066,336.8025638048066,8.326392183060731,regular,Duke,1,8.929448381307317,1,1,night,0,0,2.0,0,0,,0.75,2,cloudy,75.0,12.054597399999999,0.0,42.0,0,2834.2,4.657142857142844,0.8620689655172413,0.4137931034482758,8.1,1.5333333333333334,0.7666666666666667,2.2666666666666666,2.0,0.9172413793103456,0.0919540229885057
20250404_1800_duke,2025.0,32,2025-04-04,Duke,3667.0,4398,4398.0,-730.8822899781298,730.8822899781298,19.93134142291055,regular,Duke,1,8.929448381307317,1,2,night,0,0,1.0,0,0,4045.0,0.75,2,cloudy,50.0,8.202097199999999,0.0,89.0,0,2834.2,4.657142857142844,0.9,0.4333333333333333,7.935483870967742,1.5161290322580645,0.8387096774193549,2.161290322580645,2.0,1.0150537634408607,0.121505376344086
20250405_1400_duke,2025.0,33,2025-04-05,Duke,4044.0,4337,4337.0,-293.4783260458362,293.4783260458362,7.257129724179926,regular,Duke,1,8.929448381307317,1,3,late_day,0,0,1.0,0,0,3667.0,0.75,2,cloudy,49.0,8.8856053,0.0,23.0,0,2834.2,4.657142857142844,0.9032258064516128,0.4193548387096774,7.96875,1.5625,0.8125,2.21875,2.0,0.662298387096774,0.0856854838709677
20250411_1800_wake_forest,2025.0,35,2025-04-11,Wake Forest,3032.0,3261,3261.0,-228.79386517955845,228.79386517955845,7.54597180671367,regular,Wake Forest,1,70.00484351123771,1,1,night,0,0,6.0,0,0,,0.75,2,cloudy,49.0,3.7903631,0.0,100.0,0,2834.2,4.657142857142844,0.9393939393939394,0.4848484848484848,9.411764705882351,1.911764705882353,1.2352941176470589,4.794117647058823,3.0,-2.054367201426025,0.051693404634581
20250412_1300_wake_forest,2025.0,36,2025-04-12,Wake Forest,4005.0,3359,3359.0,646.3418562466345,646.3418562466345,16.138373439366653,regular,Wake Forest,1,70.00484351123771,1,2,early_day,0,0,1.0,0,0,3032.0,0.75,3,rainy,72.0,2.7340324000000003,0.2,100.0,0,2834.2,4.657142857142844,0.9117647058823528,0.4705882352941176,9.17142857142857,1.8571428571428568,1.2285714285714286,4.371428571428571,2.0,-1.360504201680671,0.0789915966386554
20250413_1300_wake_forest,2025.0,37,2025-04-13,Wake Forest,2962.0,3314,3314.0,-351.82599660208825,351.82599660208825,11.877987731333162,regular,Wake Forest,1,70.00484351123771,1,3,early_day,0,0,1.0,0,0,4005.0,0.75,3,cloudy,57.0,8.326371400000001,0.0,100.0,0,2834.2,4.657142857142844,0.8857142857142857,0.4857142857142857,8.944444444444445,1.8333333333333333,1.2222222222222223,3.8055555555555554,1.0,-0.367460317460317,0.1047619047619048
20250415_1800_charlotte,2025.0,38,2025-04-15,Charlotte,4114.0,3014,3014.0,1100.4202691784471,1100.4202691784471,26.74818349971918,regular,Charlotte,0,103.22794871720183,0,0,night,0,0,2.0,0,0,,0.75,3,cloudy,55.0,8.823468199999999,0.0,20.0,0,2834.2,4.657142857142844,0.8888888888888888,0.4722222222222222,5.457142857142857,1.1428571428571428,0.6,0.8,2.0,2.7222222222222223,0.1777777777777778
20250429_1600_george_mason,2025.0,46,2025-04-29,George Mason,2434.0,2722,2722.0,-288.17778087877286,288.17778087877286,11.83967875426347,regular,Other,0,223.31304027930992,0,0,late_day,0,0,14.0,0,0,,0.75,2,clear,27.0,5.1573793000000006,0.0,0.0,0,2834.2,4.657142857142844,0.8837209302325582,0.5813953488372093,9.318181818181818,0.9318181818181818,1.0454545454545454,4.113636363636363,2.0,-0.6411205073995774,0.1083509513742072
20250430_1800_queens,2025.0,47,2025-04-30,Queens,2717.0,2865,2865.0,-147.940484612187,147.940484612187,5.444993912851932,regular,Other,0,103.21767923084887,0,0,night,0,0,1.0,0,0,,0.75,2,clear,36.0,7.5185891,0.0,4.0,0,2834.2,4.657142857142844,0.8863636363636364,0.5681818181818182,3.619047619047619,0.6190476190476191,1.3571428571428572,-5.476190476190476,1.0,10.122294372294371,0.6298701298701299
20250506_1800_campbell,2025.0,48,2025-05-06,Campbell,2884.0,3027,3027.0,-142.93165602384033,142.93165602384033,4.956021360049942,regular,Campbell,0,47.52570699070565,0,0,night,0,0,6.0,0,0,,0.75,3,clear,59.0,6.337984199999999,0.0,18.0,0,2834.2,4.657142857142844,0.8888888888888888,0.6,6.869565217391305,1.4565217391304348,1.4782608695652173,0.1739130434782608,2.0,4.067632850241545,0.3429951690821256
20250508_1800_nc_state,2025.0,49,2025-05-08,NC State,3729.0,3569,3569.0,159.98295268084212,159.98295268084212,4.290237400934355,regular,NC State,1,21.74482629705425,1,1,night,0,0,2.0,0,0,,0.75,3,cloudy,50.0,5.0331051,0.0,100.0,0,2834.2,4.657142857142844,0.8695652173913043,0.5869565217391305,7.956521739130435,1.3043478260869563,0.8695652173913043,2.5217391304347827,1.0,1.3695652173913038,0.108695652173913
20250509_1800_nc_state,2025.0,50,2025-05-09,NC State,4152.0,4173,4173.0,-21.28981484067117,21.28981484067117,0.5127604730412132,regular,NC State,1,21.74482629705425,1,2,night,0,0,1.0,0,0,3729.0,0.75,3,cloudy,56.0,6.4622584000000005,0.0,95.0,0,2834.2,4.657142857142844,0.851063829787234,0.5957446808510638,7.808510638297872,1.297872340425532,0.8936170212765957,2.3191489361702127,1.0,1.680851063829787,0.1276595744680851
20250530_1200_holy_cross,2025.0,59,2025-05-30,Holy Cross,4005.0,3836,3836.0,168.56977761174403,168.56977761174403,4.208983211279501,regional,Other,0,585.754376801233,0,0,early_day,0,0,21.0,0,0,,0.75,3,rainy,76.0,5.1573793000000006,0.2,100.0,0,2834.2,4.657142857142844,0.8148148148148148,0.5740740740740741,7.464285714285714,0.5892857142857143,1.3392857142857142,1.1607142857142858,1.0,3.06547619047619,0.2242063492063492
20250531_1800_oklahoma,2025.0,60,2025-05-31,Oklahoma,4029.0,4317,4317.0,-287.85684897721967,287.85684897721967,7.144622709784554,regional,Other,0,1032.9893256197422,0,0,night,0,0,1.0,0,0,,0.75,3,cloudy,84.0,13.235202300000001,0.0,100.0,0,2834.2,4.657142857142844,0.8181818181818182,0.6181818181818182,6.456140350877193,1.105263157894737,1.0,1.5964912280701755,2.0,2.485805422647528,0.1502392344497608
20250601_1936_oklahoma,2025.0,61,2025-06-01,Oklahoma,4001.0,4265,4265.0,-263.58653549571864,263.58653549571864,6.588016383297142,regional,Other,0,1032.9893256197422,0,0,night,0,0,1.0,0,0,,0.75,3,clear,76.0,9.8797989,0.0,4.0,0,2834.2,4.657142857142844,0.8214285714285714,0.6071428571428571,6.610169491525424,1.1016949152542372,1.0,1.7118644067796611,2.0,2.426755447941889,0.1585956416464891
20250602_1500_oklahoma,2025.0,62,2025-06-02,Oklahoma,3914.0,3885,3885.0,29.144999190695216,29.144999190695216,0.7446346241874098,regional,Other,0,1032.9893256197422,0,0,late_day,0,0,1.0,0,0,,0.75,2,rainy,54.0,4.4738712000000005,0.2,70.0,0,2834.2,4.657142857142844,0.8421052631578947,0.5964912280701754,6.65,1.1333333333333333,1.0,1.75,2.0,2.2114035087719293,0.1385964912280701
20250606_1200_arizona,2025.0,63,2025-06-06,Arizona,4045.0,3995,3995.0,50.40611844865134,50.40611844865134,1.2461339542311827,super_regional,Other,0,1834.7529048839262,0,0,early_day,0,0,4.0,0,0,,0.75,2,rainy,87.0,6.027298699999999,0.1,100.0,0,2834.2,4.657142857142844,0.8275862068965517,0.5862068965517241,6.7,1.2333333333333334,0.8166666666666667,1.6833333333333331,3.0,2.261494252873564,0.0758620689655172
20250607_1200_arizona,2025.0,64,2025-06-07,Arizona,4032.0,4186,4186.0,-153.93009631499808,153.93009631499808,3.8177107220981665,super_regional,Other,0,1834.7529048839262,0,0,early_day,0,0,1.0,0,0,,0.75,2,cloudy,70.0,3.7903631,0.0,78.0,0,2834.2,4.657142857142844,0.8135593220338984,0.6101694915254238,6.622950819672131,1.213114754098361,0.819672131147541,1.3934426229508197,2.0,2.7888302306196167,0.0911364267852181
20250608_1200_arizona,2025.0,65,2025-06-08,Arizona,4013.0,4066,4066.0,-53.48665176135091,53.48665176135091,1.3328345816434317,super_regional,Other,0,1834.7529048839262,0,0,early_day,0,0,1.0,0,0,,0.75,2,cloudy,66.0,7.0836294,0.0,100.0,0,2834.2,4.657142857142844,0.8166666666666667,0.6,6.67741935483871,1.2096774193548387,0.8064516129032258,1.403225806451613,2.0,2.643010752688172,0.0731182795698924
20260213_1600_indiana,2026.0,1,2026-02-13,Indiana,3168.0,3227,3227.0,-59.23087697541041,59.23087697541041,1.86966152068846,regular,Other,0,466.71754931673905,1,1,late_day,0,0,30.0,1,0,,0.7540983606557377,0,cloudy,26.0,7.3321778,0.0,90.0,0,3334.0526315789475,499.8526315789477,,,,,,,,,
20260214_1200_indiana,2026.0,2,2026-02-14,Indiana,3065.0,3246,3246.0,-180.57696912309575,180.57696912309575,5.891581374326125,regular,Other,0,466.71754931673905,1,2,early_day,1,1,1.0,1,0,3168.0,0.7540983606557377,1,clear,42.0,3.2311292000000003,0.0,0.0,0,3334.0526315789475,499.8526315789477,1.0,0.0,4.0,0.0,1.0,-5.0,0.0,12.0,1.0
20260214_1542_indiana,2026.0,3,2026-02-14,Indiana,2928.0,3320,3320.0,-392.0856932820798,392.0856932820798,13.390904825207642,regular,Other,0,466.71754931673905,1,3,late_day,1,2,0.0,1,0,3065.0,0.7540983606557377,2,clear,25.0,5.7787503000000005,0.0,0.0,0,3334.0526315789475,499.8526315789477,1.0,0.5,3.5,0.0,1.5,-3.0,0.0,8.0,1.0
20260217_1600_richmond,2026.0,4,2026-02-17,Richmond,2646.0,2529,2529.0,117.43274552396679,117.43274552396679,4.438123413604187,regular,Other,0,141.8169871916085,0,0,late_day,0,0,3.0,1,1,,0.7540983606557377,3,clear,53.0,6.337984199999999,0.0,2.0,0,3334.0526315789475,499.8526315789477,0.6666666666666666,0.6666666666666666,6.666666666666667,0.3333333333333333,0.0,1.0,2.0,5.0,0.3333333333333333
20260218_1600_longwood,2026.0,5,2026-02-18,Longwood,2548.0,2826,2826.0,-278.05731479570295,278.05731479570295,10.91276745666024,regular,Other,0,102.1495764877588,0,0,late_day,0,0,1.0,1,0,,0.7540983606557377,3,cloudy,45.0,8.077823,0.0,100.0,0,3334.0526315789475,499.8526315789477,0.75,0.75,9.333333333333334,1.3333333333333333,0.6666666666666666,8.333333333333334,3.0,-1.833333333333334,0.0
20260222_1300_east_carolina,2026.0,8,2026-02-22,East Carolina,3200.0,3708,3708.0,-507.80723175481944,507.80723175481944,15.868975992338108,regular,East Carolina,0,96.57704437500246,0,0,early_day,0,0,4.0,1,0,,0.7540983606557377,2,cloudy,60.0,1.8019759,0.0,100.0,0,3334.0526315789475,499.8526315789477,0.5714285714285714,1.0,5.714285714285714,0.5714285714285714,1.7142857142857142,0.2857142857142857,2.0,5.0,0.4285714285714285
20260224_1500_north_carolina_a_t,2026.0,9,2026-02-24,North Carolina A&T,2284.0,2614,2614.0,-330.2419212117684,330.2419212117684,14.458928249201769,regular,North Carolina A&T,0,42.31286077983115,0,0,late_day,0,0,2.0,1,0,,0.7540983606557377,1,cloudy,36.0,14.6022185,0.0,100.0,0,3334.0526315789475,499.8526315789477,0.5,0.875,4.142857142857143,0.5714285714285714,1.7142857142857142,-2.2857142857142856,1.0,7.089285714285714,0.4642857142857143
20260225_1600_virginia_commonwealth,2026.0,10,2026-02-25,Virginia Commonwealth,2438.0,2832,2832.0,-393.55351772238055,393.55351772238055,16.142474065725207,regular,Virginia Commonwealth,0,142.91275148812667,0,0,late_day,0,0,1.0,1,0,,0.7540983606557377,1,cloudy,34.0,6.5243955,0.0,100.0,0,3334.0526315789475,499.8526315789477,0.4444444444444444,1.0,6.714285714285714,1.0,0.8571428571428571,1.1428571428571428,1.0,3.603174603174603,0.2063492063492064
20260227_1600_le_moyne,2026.0,11,2026-02-27,Le Moyne,2396.0,2936,2936.0,-539.8268690660043,539.8268690660043,22.530336772370795,regular,Other,0,517.96787307916,1,1,late_day,0,0,2.0,1,0,,0.7540983606557377,2,rainy,99.0,4.5360083,1.9,100.0,0,3334.0526315789475,499.8526315789477,0.5,0.9,5.166666666666667,0.1666666666666666,1.8333333333333333,-7.833333333333333,0.0,14.333333333333332,0.8
20260228_1400_le_moyne,2026.0,12,2026-02-28,Le Moyne,3494.0,3271,3271.0,223.45534941524738,223.45534941524738,6.395402101180521,regular,Other,0,517.96787307916,1,2,late_day,0,0,1.0,1,0,2396.0,0.7540983606557377,3,rainy,95.0,7.1457665,0.7,100.0,0,3334.0526315789475,499.8526315789477,0.4545454545454545,0.8181818181818182,4.857142857142857,0.2857142857142857,1.7142857142857142,-8.571428571428571,0.0,15.844155844155845,0.8181818181818182
20260301_1300_le_moyne,2026.0,13,2026-03-01,Le Moyne,3233.0,3166,3166.0,66.54428376610122,66.54428376610122,2.0582828260470527,regular,Other,0,517.96787307916,1,3,early_day,0,0,1.0,1,0,3494.0,0.7540983606557377,3,cloudy,64.0,2.1126614,0.0,52.0,0,3334.0526315789475,499.8526315789477,0.4166666666666667,0.75,4.5,0.375,1.625,-8.75,0.0,16.416666666666668,0.8333333333333334
20260303_1500_elon,2026.0,14,2026-03-03,Elon,2396.0,2656,2656.0,-259.58312053854934,259.58312053854934,10.834020055865999,regular,Elon,0,28.02167355511645,0,0,late_day,0,0,2.0,1,0,,0.7540983606557377,3,cloudy,52.0,7.3943149,0.0,100.0,0,3334.0526315789475,499.8526315789477,0.4615384615384615,0.7692307692307693,6.454545454545454,0.6363636363636364,0.6363636363636364,1.5454545454545454,2.0,6.132867132867132,0.3006993006993007
20260306_1600_virginia,2026.0,15,2026-03-06,Virginia,3848.0,3373,3373.0,474.60910476059917,474.60910476059917,12.333916443882515,regular,Virginia,1,149.348256794612,1,1,late_day,0,0,3.0,1,0,,0.7540983606557377,3,cloudy,47.0,12.675968399999999,0.0,100.0,0,3334.0526315789475,499.8526315789477,0.4285714285714285,0.7857142857142857,10.846153846153848,1.8461538461538465,1.1538461538461535,5.307692307692308,2.0,1.5714285714285712,0.0109890109890109
20260307_1300_virginia,2026.0,16,2026-03-07,Virginia,3504.0,3499,3499.0,5.120470211375505,5.120470211375505,0.1461321407356023,regular,Virginia,1,149.348256794612,1,2,early_day,1,1,1.0,1,1,3848.0,0.7540983606557377,2,cloudy,54.0,7.8292746,0.0,23.0,0,3334.0526315789475,499.8526315789477,0.6,0.7333333333333333,11.0,1.8571428571428568,1.0714285714285714,5.642857142857143,2.0,-0.0238095238095237,-0.057142857142857
20260307_1646_virginia,2026.0,17,2026-03-07,Virginia,2283.0,3404,3404.0,-1121.0550659983983,1121.0550659983983,49.10447069638188,regular,Virginia,1,149.348256794612,1,3,late_day,1,2,0.0,1,1,3504.0,0.7540983606557377,1,clear,44.0,5.3437906,0.0,14.0,0,3334.0526315789475,499.8526315789477,0.6875,0.6875,10.733333333333333,1.8,1.0666666666666669,5.2,2.0,0.2624999999999993,0.0124999999999999
20260310_1500_bucknell,2026.0,18,2026-03-10,Bucknell,2466.0,2624,2624.0,-157.81788368195976,157.81788368195976,6.399751974126511,regular,Other,0,367.4037894347642,0,0,late_day,0,0,3.0,1,0,,0.7540983606557377,0,cloudy,50.0,4.7224196,0.0,49.0,0,3334.0526315789475,499.8526315789477,0.6470588235294118,0.7058823529411765,4.230769230769231,0.9230769230769232,2.230769230769231,-5.076923076923077,1.0,10.69683257918552,0.4570135746606334
20260318_1500_unc_greensboro,2026.0,22,2026-03-18,UNC Greensboro,2526.0,2780,2780.0,-254.02015633737392,254.02015633737392,10.056221549381391,regular,UNC Greensboro,0,43.93017338876137,0,0,late_day,0,0,8.0,1,0,,0.7540983606557377,3,cloudy,31.0,12.5516942,0.0,55.0,0,3334.0526315789475,499.8526315789477,0.5714285714285714,0.8095238095238095,6.333333333333333,0.6190476190476191,1.238095238095238,-0.5238095238095238,3.0,6.380952380952381,0.3333333333333333
20260320_2000_louisville,2026.0,23,2026-03-20,Louisville,2699.0,3473,3473.0,-774.3507052633931,774.3507052633931,28.69028178078522,regular,Louisville,1,402.6332015322946,1,1,night,0,0,2.0,1,0,,0.7540983606557377,3,cloudy,63.0,1.9883872,0.0,63.0,0,3334.0526315789475,499.8526315789477,0.6363636363636364,0.8636363636363636,10.571428571428571,1.5714285714285714,0.7142857142857143,4.142857142857143,3.0,1.292207792207792,0.1038961038961039
20260321_1400_louisville,2026.0,24,2026-03-21,Louisville,3376.0,3608,3608.0,-232.30978684747197,232.30978684747197,6.881214065387203,regular,Louisville,1,402.6332015322946,1,2,late_day,0,0,1.0,1,0,2699.0,0.7540983606557377,2,cloudy,29.0,9.5691134,0.0,68.0,0,3334.0526315789475,499.8526315789477,0.6086956521739131,0.8695652173913043,10.136363636363637,1.5,0.7727272727272727,3.5,2.0,2.2233201581027675,0.1442687747035573
20260322_1300_louisville,2026.0,25,2026-03-22,Louisville,3231.0,3241,3241.0,-9.552965331608448,9.552965331608448,0.2956659031757489,regular,Louisville,1,402.6332015322946,1,3,early_day,0,0,1.0,1,0,3376.0,0.7540983606557377,1,cloudy,36.0,9.3827021,0.0,100.0,0,3334.0526315789475,499.8526315789477,0.625,0.8333333333333334,9.782608695652174,1.434782608695652,0.8260869565217391,3.4347826086956523,2.0,1.8822463768115936,0.0960144927536231
20260331_2000_campbell,2026.0,30,2026-03-31,Campbell,,3147,3147.0,,,,regular,Campbell,0,47.52570699070565,0,0,night,0,0,9.0,1,0,,0.7540983606557377,3,clear,61.0,5.0952421999999995,0.0,0.0,0,3334.0526315789475,499.8526315789477,0.5517241379310345,0.7586206896551724,7.607142857142857,1.25,1.1428571428571428,2.321428571428572,2.0,3.013546798029556,0.1847290640394088
